,PERIOD_BEGIN,PERIOD_END,TABLE_ID,Zip Code,County,MEDIAN_SALE_PRICE,MEDIAN_SALE_PRICE_MOM,MEDIAN_SALE_PRICE_YOY,MEDIAN_LIST_PRICE,MEDIAN_LIST_PRICE_MOM,MEDIAN_LIST_PRICE_YOY,MEDIAN_PPSF,MEDIAN_PPSF_MOM,MEDIAN_PPSF_YOY,MEDIAN_LIST_PPSF,MEDIAN_LIST_PPSF_MOM,MEDIAN_LIST_PPSF_YOY,HOMES_SOLD,HOMES_SOLD_MOM,HOMES_SOLD_YOY,PENDING_SALES,PENDING_SALES_MOM,PENDING_SALES_YOY,NEW_LISTINGS,NEW_LISTINGS_MOM,NEW_LISTINGS_YOY,INVENTORY,INVENTORY_MOM,INVENTORY_YOY,MEDIAN_DOM,MEDIAN_DOM_MOM,MEDIAN_DOM_YOY,AVG_SALE_TO_LIST,AVG_SALE_TO_LIST_MOM,AVG_SALE_TO_LIST_YOY,SOLD_ABOVE_LIST,SOLD_ABOVE_LIST_MOM,SOLD_ABOVE_LIST_YOY,OFF_MARKET_IN_TWO_WEEKS,OFF_MARKET_IN_TWO_WEEKS_MOM,OFF_MARKET_IN_TWO_WEEKS_YOY,PARENT_METRO_REGION,PARENT_METRO_REGION_METRO_CODE,has_2025,latest_period,Market_Score
0,2025-10-01,2025-12-31,37448,90001,Los Angeles County,645000.0,0.057377049,0.089527027,732500.0,0.058526012,-0.023333333,537.4203822,0.047280745,0.004742454,478.4160656,-0.017452901,-0.008780165,27,0.421052632,0.08,30.0,0.2,-0.189189189,36.0,0.0,0.090909091,35.0,-0.31372549,-0.3,109.0,48.5,75.0,0.990321862,0.004424473,0.008520933,0.296296296,-0.177387914,-0.183703704,0.266666667,-0.053333333,0.05045045,"Los Angeles, CA",31084,True,True,49.0
1,2025-04-01,2025-06-30,37449,90002,Los Angeles County,587500.0,0.004273504,-0.0562249,650000.0,0.001540832,0.069959728,552.0958383,0.025605062,0.139380203,482.2508039,0.013468612,0.018924546,52,-0.087719298,0.268292683,51.0,-0.019230769,0.040816327,57.0,-0.095238095,0.017857143,60.0,0.071428571,0.304347826,69.0,5.5,29.0,0.997316847,-0.004591188,-0.017464558,0.461538462,0.04048583,-0.148217636,0.235294118,0.023755656,-0.132052821,"Los Angeles, CA",31084,True,True,69.0
2,2025-05-01,2025-07-31,37450,90003,Los Angeles County,662500.0,-0.003759398,0.043307087,650000.0,-0.012908125,0.00015387,460.2340792,-0.016414025,-0.031993064,484.6246973,0.024284428,-0.052289481,46,-0.021276596,-0.041666667,56.0,-0.01754386,-0.096774194,82.0,-0.163265306,0.123287671,99.0,-0.038834951,0.151162791,54.0,3.5,8.0,0.981884433,0.00340728,-0.009587454,0.47826087,-0.032377428,-0.000905797,0.142857143,-0.085213033,-0.131336406,"Los Angeles, CA",31084,True,True,57.0
3,2025-05-01,2025-07-31,37452,90005,Los Angeles County,1260000.0,-0.131034483,0.263157895,995000.0,-0.115555556,-0.004004004,653.2066508,-0.053217326,0.044599579,616.7108753,0.045245868,-0.011590599,19,0.117647059,0.0,20.0,0.0,-0.090909091,31.0,-0.162162162,-0.060606061,40.0,-0.130434783,0.111111111,73.0,-7.0,40.0,0.962205744,0.001463231,-0.008405786,0.263157895,0.027863777,0.105263158,0.15,0.0,-0.168181818,"Los Angeles, CA",31084,True,True,31.0
4,2024-11-01,2025-01-31,37453,90006,Los Angeles County,794500.0,0.119014085,-0.025153374,939000.0,-0.041292815,0.048576214,550.854103,0.002401688,0.069091845,527.4885845,0.009042323,-0.022215443,12,-0.076923077,-0.368421053,21.0,0.4,-0.045454545,51.0,0.108695652,1.217391304,75.0,0.209677419,0.923076923,66.0,3.0,-20.0,0.986939019,0.012505579,0.003728318,0.333333333,0.102564103,0.070175439,0.285714286,0.085714286,0.103896104,"Los Angeles, CA",31084,True,True,49.0
5,2025-02-01,2025-04-30,37454,90007,Los Angeles County,1222500.0,0.101351351,0.2249499,1225000.0,-0.057692308,0.226226226,481.5184851,-0.091814266,-0.302147123,458.8217196,-0.0546816,-0.235169662,10,0.111111111,0.428571429,10.0,0.111111111,0.111111111,28.0,0.166666667,0.12,45.0,0.022727273,0.184210526,74.5,4.5,-8.5,0.946323313,-0.005168257,-0.003360429,0.2,-0.133333333,0.057142857,0.1,0.1,-0.233333333,"Los Angeles, CA",31084,True,True,15.0
6,2025-05-01,2025-07-31,37457,90010,Los Angeles County,875000.0,0.054216867,-0.046321526,687000.0,-0.186500888,-0.135305223,653.680064,-0.050648376,0.011027321,648.6203719,-0.064671751,-0.065333809,4,-0.428571429,-0.666666667,3.0,-0.4,-0.833333333,18.0,0.125,-0.470588235,30.0,0.25,0.034482759,72.0,-4.0,42.0,0.975170451,0.015221707,-0.009138942,0.25,0.25,0.166666667,0.0,0.0,-0.5,"Los Angeles, CA",31084,True,True,44.0
7,2025-07-01,2025-09-30,37461,90014,Los Angeles County,406000.0,0.015,-0.087640449,599000.0,-0.161650918,-0.385640711,523.3016983,0.022995801,-0.082752079,684.7726679,0.06180954,0.116393969,6,0.2,-0.142857143,5.0,-0.166666667,-0.375,8.0,-0.333333333,1.0,22.0,-0.083333333,0.375,126.0,-1.0,9.0,0.965745003,-0.000594443,0.006284523,0.333333333,-0.066666667,0.333333333,0.0,0.0,0.0,"Los Angeles, CA",31084,True,True,17.0
8,2025-03-01,2025-05-31,37462,90015,Los Angeles County,845000.0,0.305019305,0.335968379,686950.0,0.045585997,-0.006579899,663.7931034,0.014699692,0.012452107,629.8756894,-0.00011604,-0.108429175,21,0.4,-0.275862069,22.0,0.222222222,-0.153846154,74.0,0.027777778,0.15625,101.0,-0.114035088,0.24691358,136.0,0.0,53.0,0.971523523,0.002183145,-0.003380108,0.095238095,-0.038095238,-0.111658457,0.045454545,-0.065656566,-0.108391608,"Los Angeles, CA",31084,True,True,27.0
9,2025-06-01,2025-08-31,37463,90016,Los Angeles County,1000000.0,0.003009027,-0.090909091,1000000.0,-0.110320285,-0.069767442,726.7144319,0.002169663,0.10060281,647.6677461,-0.001205201,-0.038513861,53,0.127659575,-0.220588235,69.0,0.014705882,0.078125,91.0,-0.09,0.034090909,104.0,-0.118644068,0.168539326,50.0,3.5,8.0,1.012580461,0.012705679,0.006551707,0.490566038,0.065034123,0.078801332,0.217391304,0.011508951,-0.126358696,"Los Angeles, CA",31084,True,True,63.0
10,2025-04-01,2025-06-30,37464,90017,Los Angeles County,615000.0,0.060344828,0.139099833,599000.0,-0.032310178,0.00251046,739.7959184,0.147605857,0.269235462,779.375,0.023853499,0.043939444,9,-0.1,-0.4375,13.0,0.0,-0.35,43.0,-0.173076923,-0.022727273,91.0,0.0,0.034090909,99.0,-108.5,1.0,0.93883367,-0.002411818,-0.050222184,0.0,-0.1,-0.0625,0.0,0.0,-0.05,"Los Angeles, CA",31084,True,True,21.0
11,2025-08-01,2025-10-31,37466,90019,Los Angeles County,1240000.0,-0.030492572,-0.081481481,1577000.0,0.087586207,0.087586582,742.7638561,0.064539769,0.246678158,671.5879296,-0.003429033,0.067137271,50,-0.122807018,-0.122807018,62.0,0.192307692,-0.184210526,94.0,0.08045977,-0.160714286,118.0,0.0,-0.063492063,61.5,-0.5,-3.5,0.986786521,-0.006800934,-0.012765151,0.26,-0.003157895,-0.108421053,0.14516129,-0.047146402,-0.012733447,"Los Angeles, CA",31084,True,True,46.0
12,2025-07-01,2025-09-30,37467,90020,Los Angeles County,985000.0,-0.015,0.279220779,663500.0,-0.036310821,-0.185889571,653.8358549,-0.029461377,-0.019246218,605.7620514,-0.007511854,-0.135872578,16,-0.2,-0.407407407,20.0,-0.2,-0.444444444,42.0,-0.086956522,0.135135135,59.0,0.092592593,0.966666667,57.5,-12.5,20.5,0.967400346,-0.003158957,-0.01725386,0.1875,-0.0625,0.039351852,0.1,-0.06,-0.261111111,"Los Angeles, CA",31084,True,True,34.0
13,2025-06-01,2025-08-31,37470,90023,Los Angeles County,685000.0,-0.050589051,-0.016157989,685000.0,0.003736537,0.0,526.976496,-0.038630871,-0.167962217,491.0714286,0.010508842,-0.000776398,20,0.111111111,1.0,23.0,-0.041666667,0.4375,29.0,-0.236842105,0.380952381,32.0,-0.085714286,0.0,57.0,-2.0,30.0,0.999481329,-0.013953263,-0.006674521,0.35,-0.038888889,-0.15,0.043478261,0.001811594,-0.331521739,"Los Angeles, CA",31084,True,True,50.0
14,2025-09-01,2025-11-30,37471,90024,Los Angeles County,1627000.0,0.069690993,0.328163265,1729000.0,0.02611276,0.084012539,791.1814026,-0.005696621,-0.003473806,791.4659326,-0.015000275,-0.10836416,70,-0.027777778,-0.066666667,78.0,-0.093023256,0.083333333,121.0,-0.083333333,0.24742268,151.0,-0.106508876,0.078571429,78.0,-4.0,2.0,0.973867516,0.01086747,-0.005109194,0.185714286,0.074603175,-0.107619048,0.192307692,0.017889088,0.011752137,"Los Angeles, CA",31084,True,True,50.0
15,2025-09-01,2025-11-30,37472,90025,Los Angeles County,1081000.0,0.036433365,-0.043362832,1164000.0,0.0,0.00822867,688.139081,-0.023497876,-0.029182337,738.2075472,0.015881946,-0.040874704,80,0.012658228,0.290322581,79.0,-0.168421053,0.128571429,95.0,-0.095238095,-0.068627451,80.0,-0.183673469,-0.036144578,53.0,2.0,-1.0,0.991063643,0.000494249,-0.013798906,0.2125,-0.053322785,-0.174596774,0.316455696,0.021718854,0.045027125,"Los Angeles, CA",31084,True,True,55.0
16,2025-05-01,2025-07-31,37474,90027,Los Angeles County,1875000.0,-0.035989717,-0.197174053,1924500.0,-0.163260506,0.04027027,895.5811267,-0.031279748,-0.06755242,893.2144378,-0.008341928,-0.041519372,54,-0.052631579,0.018867925,60.0,0.052631579,0.052631579,102.0,0.259259259,0.47826087,111.0,0.168421053,0.563380282,42.0,6.0,0.0,0.981418252,-0.013817964,-0.050703746,0.351851852,-0.086744639,-0.214185884,0.15,-0.060526316,-0.183333333,"Los Angeles, CA",31084,True,True,62.0
17,2025-09-01,2025-11-30,37475,90028,Los Angeles County,950000.0,-0.196617336,-0.24,999000.0,0.054910243,0.035233161,610.4294479,0.097955946,-0.144422086,631.147541,-0.031108661,-0.011257116,17,0.214285714,1.428571429,17.0,-0.055555556,1.125,27.0,-0.1,0.588235294,37.0,-0.075,-0.051282051,98.0,-7.5,2.0,0.956400269,0.003157482,-0.027174614,0.117647059,0.046218487,-0.168067227,0.058823529,0.003267974,0.058823529,"Los Angeles, CA",31084,True,True,32.0
18,2025-07-01,2025-09-30,37479,90032,Los Angeles County,850000.0,-0.020172911,0.0,845000.0,-0.005238684,-0.025936599,609.6119024,-0.069018467,-0.095414596,648.0218281,0.020448502,-0.003970219,64,0.103448276,0.306122449,68.0,-0.068493151,0.619047619,77.0,0.040540541,0.480769231,77.0,-0.049382716,0.425925926,57.0,7.0,16.5,1.006959652,-0.014635419,-0.015419995,0.453125,-0.115840517,-0.159119898,0.25,0.044520548,0.011904762,"Los Angeles, CA",31084,True,True,66.0
19,2025-03-01,2025-05-31,37480,90033,Los Angeles County,700000.0,-0.083769634,-0.08496732,799000.0,-0.070930233,-0.043113772,390.0,-0.057170859,-0.22,439.9533883,0.014894895,0.054352016,11,-0.214285714,0.0,19.0,0.0,0.357142857,35.0,0.129032258,0.25,58.0,0.137254902,0.657142857,64.0,-12.0,24.0,0.944738874,-0.011161214,-0.08574663,0.363636364,0.006493506,-0.090909091,0.157894737,0.052631579,-0.056390977,"Los Angeles, CA",31084,True,True,51.0
20,2025-08-01,2025-10-31,37482,90035,Los Angeles County,1375000.0,-0.153846154,-0.165148755,1524500.0,-0.072970508,-0.04659162,765.4262836,0.0,0.055869597,765.5726788,-0.097753791,-0.030168957,37,-0.244897959,0.027777778,41.0,0.322580645,0.205882353,42.0,-0.086956522,-0.20754717,43.0,-0.173076923,-0.283333333,95.0,13.0,31.0,0.967152197,-0.015798917,-0.018889274,0.135135135,-0.089354661,-0.17042042,0.292682927,-0.158929976,0.086800574,"Los Angeles, CA",31084,True,True,53.0
21,2025-10-01,2025-12-31,37483,90036,Los Angeles County,2000000.0,0.030927835,0.024196646,2190000.0,0.000228363,0.154758766,802.6030369,0.016596271,0.04386426,761.732852,-0.094518138,0.041748828,33,0.03125,0.178571429,35.0,-0.078947368,0.25,41.0,-0.211538462,0.366666667,39.0,-0.277777778,0.114285714,50.0,3.0,0.0,0.973734994,-0.005645243,-0.01330803,0.212121212,-0.069128788,-0.073593074,0.2,-0.010526316,0.057142857,"Los Angeles, CA",31084,True,True,52.0
22,2025-02-01,2025-04-30,37486,90039,Los Angeles County,1462500.0,-0.051863857,-0.056451613,1295000.0,-0.074338813,-0.188087774,1016.127807,0.007379995,0.059395184,833.7893297,-0.037095924,-0.082604547,48,0.2,0.066666667,57.0,-0.05,0.0,79.0,-0.036585366,0.144927536,81.0,0.094594595,0.557692308,29.0,-13.0,-12.5,1.052598256,-0.008064763,0.00086906,0.583333333,0.058333333,0.05,0.350877193,0.050877193,0.035087719,"Los Angeles, CA",31084,True,True,77.0
23,2025-05-01,2025-07-31,37487,90040,Los Angeles County,730000.0,0.0,0.024561404,699499.5,0.0,-0.000715,570.758405,-0.01606378,0.038759444,495.7298137,-0.008309561,-0.221514613,11,-0.153846154,-0.083333333,13.0,0.0,0.3,12.0,-0.142857143,0.090909091,8.0,0.0,0.333333333,46.0,-25.0,-1.5,1.003262183,-0.016274416,-0.008324794,0.636363636,-0.055944056,0.136363636,0.384615385,0.076923077,-0.015384615,"Los Angeles, CA",31084,True,True,80.0
24,2025-08-01,2025-10-31,37488,90041,Los Angeles County,1304000.0,0.0,-0.002676864,1445000.0,0.112822488,0.140489345,841.8176087,-0.014590484,0.007592263,840.8790427,0.021485703,0.073447475,40,-0.166666667,-0.166666667,42.0,0.05,-0.023255814,55.0,-0.017857143,0.25,43.0,-0.085106383,0.131578947,35.5,-5.0,-6.5,1.019090026,-0.018468424,-0.050208846,0.45,-0.05,-0.05,0.380952381,0.055952381,0.032115172,"Los Angeles, CA",31084,True,True,80.0
25,2025-08-01,2025-10-31,37489,90042,Los Angeles County,1065000.0,0.009478673,-0.032258065,999900.0,-0.047668937,0.000900901,782.8282828,-0.005214338,-0.019210159,712.6567845,-0.038888126,-0.068812427,77,-0.125,-0.245098039,95.0,0.0,-0.24,141.0,0.036764706,0.014388489,142.0,0.100775194,0.352380952,49.0,0.0,9.0,1.042562728,0.010142148,-0.02543414,0.506493507,0.017857143,-0.209192768,0.2,-0.021052632,-0.136,"Los Angeles, CA",31084,True,True,74.0
26,2025-03-01,2025-05-31,37491,90044,Los Angeles County,712500.0,0.017857143,0.047794118,769000.0,0.029451138,0.098572998,495.5725771,0.091644046,0.02285421,453.0973451,-0.01841186,-0.055871579,82,0.051282051,0.138888889,82.0,-0.154639175,0.0,117.0,0.083333333,0.073394495,123.0,0.108108108,0.217821782,82.5,-8.0,22.5,0.993448955,0.001311617,-0.019553293,0.524390244,0.024390244,-0.072831978,0.219512195,0.00301735,-0.06097561,"Los Angeles, CA",31084,True,True,61.0
27,2025-06-01,2025-08-31,37492,90045,Los Angeles County,1622500.0,0.0140625,0.068664581,1595000.0,-0.00055643,-0.002813067,930.3110794,0.007303975,0.085362926,870.8043065,0.038534613,0.01115142,66,-0.142857143,-0.377358491,79.0,0.112676056,-0.193877551,101.0,-0.09009009,-0.114035088,86.0,-0.085106383,0.102564103,56.0,4.5,16.0,0.99146726,-0.012474271,-0.015924017,0.242424242,-0.095238095,-0.229273871,0.265822785,-0.001782849,-0.019891501,"Los Angeles, CA",31084,True,True,75.0
28,2025-09-01,2025-11-30,37495,90048,Los Angeles County,2175000.0,0.021126761,0.06097561,2123500.0,0.0,-0.056222222,885.8954041,-0.016387648,-0.068269674,942.4967076,-0.067604334,0.002131045,57,-0.033898305,0.036363636,71.0,0.126984127,0.183333333,86.0,-0.065217391,-0.033707865,103.0,-0.134453782,0.0,77.0,-0.5,16.5,0.974770636,-0.009247917,-0.00544824,0.122807018,-0.06363366,-0.149920255,0.098591549,0.003353454,-0.051408451,"Los Angeles, CA",31084,True,True,48.0
29,2025-09-01,2025-11-30,37496,90049,Los Angeles County,3197500.0,0.070292887,0.36528608,3295000.0,-0.029455081,0.280855199,1070.927913,0.040390956,0.090631005,1186.868687,0.030024599,0.296488575,128,0.015873016,0.454545455,124.0,-0.132867133,0.347826087,165.0,-0.046242775,0.473214286,196.0,-0.113122172,0.580645161,76.0,-1.5,16.5,0.968579247,0.00743235,0.012967266,0.1484375,-0.002356151,0.012073864,0.209677419,0.013873224,-0.083800842,"Los Angeles, CA",31084,True,True,50.0
30,2025-01-01,2025-03-31,37503,90056,Los Angeles County,1815000.0,-0.083333333,-0.000688231,1575000.0,-0.023255814,-0.169938602,658.5081585,0.079130245,0.035525154,682.2057987,-0.014141268,0.043409941,23,0.352941177,0.4375,23.0,0.0,0.277777778,23.0,0.15,0.15,25.0,-0.137931035,1.272727273,113.5,-1.5,50.5,0.998467788,0.003002274,0.046214999,0.347826087,-0.00511509,0.160326087,0.217391304,0.043478261,-0.060386473,"Los Angeles, CA",31084,True,True,48.0
31,2025-10-01,2025-12-31,37504,90057,Los Angeles County,909250.0,0.45015949,0.36013463,430000.0,0.0,-0.08011552,581.2806579,0.343508359,0.209020089,530.0699301,0.098550725,0.009974601,2,-0.777777778,-0.75,4.0,-0.333333333,-0.555555556,9.0,-0.181818182,-0.357142857,14.0,-0.066666667,-0.333333333,64.5,-30.5,25.0,1.087394327,0.066397637,0.080591998,0.5,0.166666667,0.0,0.0,0.0,-0.111111111,"Los Angeles, CA",31084,True,True,55.0
32,2025-05-01,2025-07-31,37506,90059,Los Angeles County,630000.0,0.024390244,0.024390244,620000.0,0.033335056,0.016394276,493.6896808,0.039894545,0.017359008,466.461064,-0.014539097,0.010891223,35,0.166666667,-0.078947368,35.0,-0.204545455,0.060606061,47.0,-0.113207547,0.382352941,43.0,-0.022727273,0.102564103,43.0,-18.0,6.0,1.02517216,0.014763045,0.00216295,0.628571429,0.028571429,-0.029323308,0.342857143,-0.043506494,-0.051082251,"Los Angeles, CA",31084,True,True,73.0
33,2025-06-01,2025-08-31,37508,90061,Los Angeles County,709950.0,0.08389313,0.145080645,672000.0,-0.033086569,0.018181818,546.4634048,0.236100222,0.094661614,485.6431159,-0.000531833,-0.020619716,20,0.052631579,-0.259259259,20.0,-0.310344828,-0.2,32.0,0.066666667,0.032258065,39.0,0.3,0.258064516,36.0,-25.0,-11.0,1.008934436,0.028984544,0.00812558,0.5,0.131578947,-0.166666667,0.3,0.093103448,0.06,"Los Angeles, CA",31084,True,True,73.0
34,2025-09-01,2025-11-30,37509,90062,Los Angeles County,800000.0,0.028938907,0.01010101,898449.5,0.045986405,0.197932667,486.5423561,-0.03833061,-0.01133713,462.4546209,0.018528227,-0.027576965,32,-0.157894737,-0.058823529,27.0,-0.205882353,-0.129032258,46.0,0.0,0.022222222,57.0,0.036363636,0.163265306,86.5,30.0,21.5,0.97091626,-0.008431392,-0.00409082,0.3125,-0.055921053,-0.040441176,0.148148148,0.030501089,-0.013142174,"Los Angeles, CA",31084,True,True,53.0
35,2025-05-01,2025-07-31,37511,90064,Los Angeles County,2050000.0,0.025,0.193595342,1885000.0,0.033442982,0.142424242,1003.34972,0.023070732,0.03000366,994.7761194,0.055883607,0.020293423,76,-0.037974684,0.266666667,65.0,-0.029850746,0.031746032,88.0,-0.083333333,0.011494253,58.0,-0.09375,-0.09375,43.0,0.0,3.0,1.014909169,0.00769112,0.015528683,0.421052632,-0.009327115,0.054385965,0.338461539,-0.004822044,-0.074236874,"Los Angeles, CA",31084,True,True,81.0
36,2025-08-01,2025-10-31,37512,90065,Los Angeles County,1230000.0,0.078947368,0.063176911,1150000.0,-0.040867389,-0.037656904,775.3177992,0.0,-0.057725973,751.5042118,-0.016825179,-0.08029077,77,0.115942029,0.084507042,71.0,-0.164705882,-0.065789474,95.0,0.117647059,0.06741573,109.0,0.068627451,0.535211268,61.5,0.5,5.5,1.008257575,-0.006954707,-0.026849042,0.51948052,-0.045736872,-0.001646241,0.211267606,0.023032312,-0.065048184,"Los Angeles, CA",31084,True,True,69.0
37,2024-11-01,2025-01-31,37513,90066,Los Angeles County,1850000.0,-0.026315789,-0.005376344,1897000.0,0.012003201,0.001055409,961.964496,-0.038650366,-0.068352544,1035.060603,0.020611065,0.018240135,82,-0.261261261,0.490909091,87.0,-0.074468085,0.581818182,82.0,0.051282051,0.28125,90.0,0.323529412,0.428571429,62.0,2.0,21.0,0.97514069,-0.014947384,-0.035904315,0.317073171,-0.04328719,-0.082926829,0.24137931,0.049889949,-0.085893417,"Los Angeles, CA",31084,True,True,76.0
38,2025-10-01,2025-12-31,37514,90067,Los Angeles County,2100000.0,0.10817942,0.44877544,1699000.0,-0.14964965,0.045538462,1075.268817,-0.03655914,0.340767075,933.5324869,-0.216146503,0.124737936,33,0.064516129,0.5,41.0,0.242424242,1.277777778,33.0,-0.29787234,0.736842105,51.0,-0.163934426,0.133333333,53.0,-14.0,-49.0,0.967462954,0.003670313,-0.021399897,0.121212121,-0.007820137,-0.060606061,0.243902439,-0.028824834,0.077235772,"Los Angeles, CA",31084,True,True,36.0
39,2025-01-01,2025-03-31,37515,90068,Los Angeles County,1665000.0,0.03867748,0.099009901,1995000.0,0.078378378,0.016301579,871.8370852,-0.018953848,0.038876329,886.2876254,0.060588394,-0.003639978,62,0.512195122,0.050847458,80.0,0.15942029,-0.036144578,195.0,0.308724832,0.477272727,213.0,0.109375,0.704,95.5,12.5,26.5,0.986110476,0.000551387,-0.007047597,0.322580645,-0.043273013,0.034445052,0.175,-0.013405797,-0.126204819,"Los Angeles, CA",31084,True,True,43.0
40,2025-07-01,2025-09-30,37524,90077,Los Angeles County,2709000.0,-0.225446748,-0.312436548,3522500.0,-0.072293916,-0.384662416,891.0346172,-0.015494376,-0.116609315,1075.398208,-0.010155156,-0.170110115,38,-0.136363636,0.357142857,42.0,0.0,0.615384615,64.0,0.066666667,0.28,98.0,0.010309278,0.195121951,99.0,11.0,25.0,0.968841915,0.015238108,-0.00130386,0.263157895,0.05861244,0.084586466,0.166666667,0.023809524,0.08974359,"Los Angeles, CA",31084,True,True,29.0
41,2024-12-01,2025-02-28,37538,90094,Los Angeles County,1535000.0,0.112318841,0.124748122,1580000.0,0.019684098,0.129378127,887.7284595,0.010342888,-0.023837786,845.1374207,-0.028339923,-0.135330514,23,-0.148148148,0.15,27.0,0.038461538,0.227272727,33.0,0.375,0.064516129,27.0,0.173913044,-0.035714286,61.0,-7.0,-3.0,0.998458584,0.015311498,0.009917235,0.173913044,0.025764895,-0.276086957,0.407407407,0.215099715,0.225589226,"Los Angeles, CA",31084,True,True,67.0
42,2025-02-01,2025-04-30,38101,92101,San Diego County,760000.0,0.037542662,0.069669247,749000.0,-0.00794702,0.012298959,711.2970711,-0.001643754,-0.036046326,720.7768744,-0.011624999,-0.064194225,133,0.136752137,-0.147435897,148.0,0.034965035,-0.119047619,299.0,-0.01320132,0.181818182,293.0,0.085185185,0.290748899,56.5,-6.0,20.0,0.989957207,0.003179462,-0.003049317,0.22556391,-0.01375233,-0.062897629,0.202702703,-9.45e-05,-0.071106821,"San Diego, CA",41740,True,True,55.0
43,2024-11-01,2025-01-31,38103,92103,San Diego County,1217500.0,0.045064378,0.330601093,1182000.0,0.076993166,0.183479942,782.2180917,0.006072803,0.043757057,796.8176984,0.013889391,-0.007947264,100,-0.056603774,0.369863014,92.0,-0.115384615,0.17948718,104.0,0.019607843,0.444444444,77.0,-0.049382716,0.480769231,50.0,0.0,18.5,0.98730635,0.004861939,0.0137663,0.21,-0.025849057,-0.036575342,0.282608696,0.013377926,-0.063545151,"San Diego, CA",41740,True,True,65.0
44,2025-06-01,2025-08-31,38104,92104,San Diego County,920000.0,0.007667032,-0.055441478,898800.0,-0.101199551,-0.053894737,760.0,-0.049269792,-0.082580645,777.5417736,-0.006178526,-0.035068888,74,-0.119047619,-0.063291139,86.0,-0.065217391,0.0,97.0,-0.08490566,-0.093457944,72.0,0.058823529,-0.01369863,29.0,6.0,10.5,0.993689792,-0.003233122,-0.005975798,0.432432432,0.003861004,0.078002053,0.267441861,-0.058645096,-0.104651163,"San Diego, CA",41740,True,True,79.0
45,2025-06-01,2025-08-31,38106,92106,San Diego County,1890000.0,0.105263158,-0.005263158,1882500.0,-0.056390977,0.075714286,873.9985433,0.032799635,-0.083550099,888.7936487,0.005401395,-0.094466271,53,0.039215686,0.177777778,51.0,-0.13559322,0.0,68.0,-0.105263158,-0.042253521,51.0,-0.089285714,0.0625,37.0,16.0,10.0,0.966173736,-0.020295532,-0.027547209,0.188679245,-0.027007029,-0.122431866,0.274509804,-0.047524094,-0.019607843,"San Diego, CA",41740,True,True,69.0
46,2025-05-01,2025-07-31,38108,92108,San Diego County,627500.0,-0.097122302,0.012096774,599000.0,-0.016420361,-0.138129496,628.7055336,-0.008482153,-0.022437514,617.3134225,-0.009331826,-0.080728593,80,0.194029851,-0.166666667,78.0,-0.037037037,-0.161290323,121.0,-0.069230769,0.110091743,113.0,0.018018018,0.738461539,46.0,7.0,27.5,0.993392193,0.001011462,-0.007743778,0.275,0.03619403,-0.13125,0.243589744,0.021367521,-0.197270472,"San Diego, CA",41740,True,True,66.0
47,2025-10-01,2025-12-31,38109,92109,San Diego County,1495000.0,0.0,-0.003333333,1795000.0,-0.002750076,0.12257661,966.6666667,-0.020558003,-0.029248486,1150.0,0.073683785,0.113684211,93,0.04494382,-0.162162162,91.0,-0.080808081,-0.099009901,104.0,-0.147540984,0.094736842,91.0,-0.157407407,0.263888889,47.5,3.0,4.0,0.97225449,-0.005047705,-0.004337855,0.11827957,-0.027787846,-0.06190061,0.296703297,0.114885115,0.039277554,"San Diego, CA",41740,True,True,68.0
48,2025-02-01,2025-04-30,38111,92111,San Diego County,945000.0,-0.030769231,0.014492754,944000.0,0.017789757,-0.006313698,656.6998233,0.017763564,-0.052250815,666.007035,0.002234517,-0.022144582,84,0.063291139,0.063291139,86.0,-0.054945055,0.088607595,116.0,-0.025210084,0.247311828,62.0,0.127272727,1.0,13.5,-3.0,2.5,1.004305947,0.001669559,-0.020866599,0.535714286,0.080018083,-0.122513562,0.523255814,-0.059161768,-0.134972034,"San Diego, CA",41740,True,True,75.0
49,2025-09-01,2025-11-30,38113,92113,San Diego County,655000.0,0.0,0.007692308,699000.0,0.005755396,0.029455081,527.3892774,0.032146033,0.115208576,558.2524272,0.044409237,-0.000374442,48,0.230769231,0.371428571,51.0,-0.019230769,0.108695652,49.0,-0.125,-0.039215686,29.0,-0.355555556,-0.355555556,34.0,-3.0,1.5,0.974402212,0.005800789,-0.015529083,0.354166667,-0.030448718,-0.017261905,0.196078431,-0.053921569,-0.064791134,"San Diego, CA",41740,True,True,79.0
50,2025-07-01,2025-09-30,38114,92114,San Diego County,755000.0,-0.015645372,0.034246575,749900.0,-0.000133333,-0.000133333,527.6203966,0.011109856,-0.040909182,523.8649593,-0.00037572,-0.039432672,87,0.06097561,-0.033333333,85.0,-0.095744681,-0.132653061,86.0,-0.054945055,-0.173076923,50.0,-0.038461538,-0.019607843,28.0,-2.0,10.0,0.997700269,-0.002260169,-0.023592454,0.540229885,-0.032940847,-0.048659004,0.352941177,0.001877347,-0.085834334,"San Diego, CA",41740,True,True,80.0
51,2025-08-01,2025-10-31,38115,92115,San Diego County,790000.0,-0.081395349,-0.019242706,749000.0,0.070001529,-0.086529666,624.7205663,0.017773923,0.008304199,611.4501232,-0.014317862,0.033319873,121,0.016806723,-0.024193548,136.0,-0.00729927,0.123966942,141.0,-0.078431373,0.068181818,97.0,-0.058252427,0.385714286,39.0,7.0,11.0,0.993464551,-0.005074591,-0.000832739,0.363636364,0.02750191,-0.071847507,0.272058824,-0.03451052,-0.124635391,"San Diego, CA",41740,True,True,78.0
52,2025-05-01,2025-07-31,38116,92116,San Diego County,1120000.0,-0.046808511,0.002685765,1257500.0,0.039256198,0.258192006,835.0803634,-0.030768316,-0.102121593,868.7363834,0.012698413,-0.036888355,71,0.028985507,0.183333333,76.0,0.225806452,0.151515152,90.0,-0.052631579,0.046511628,73.0,-0.013513514,0.377358491,32.0,9.0,3.5,0.989280246,-0.010783199,-0.007191077,0.23943662,-0.064911206,-0.077230047,0.263157895,-0.12393888,-0.130781499,"San Diego, CA",41740,True,True,79.0
53,2025-09-01,2025-11-30,38117,92117,San Diego County,1125000.0,0.013513514,-0.04620602,1129000.0,0.026363636,-0.058381985,768.3300067,-0.032223782,-0.053417432,749.8295842,-0.011678363,-0.072710748,127,-0.023076923,0.295918367,135.0,-0.0625,0.35,129.0,-0.156862745,0.151785714,68.0,-0.209302326,-0.014492754,31.0,5.0,10.0,0.996874482,0.006542647,-0.003862166,0.346456693,0.031072078,-0.061706572,0.392592593,0.017592593,-0.027407407,"San Diego, CA",41740,True,True,81.0
54,2024-12-01,2025-02-28,38120,92120,San Diego County,1022500.0,0.033872599,0.019441675,989499.5,-0.04575968,-0.10004593,615.6947189,-0.010683705,-0.070503025,608.9938065,-0.001479227,-0.052094844,68,-0.014492754,0.259259259,64.0,-0.058823529,0.066666667,71.0,0.0,-0.040540541,44.0,0.023255814,0.692307692,23.5,5.5,12.5,0.987575305,-0.007018467,-0.018088032,0.352941177,0.034100597,-0.202614379,0.421875,0.054227941,-0.128125,"San Diego, CA",41740,True,True,75.0
55,2025-08-01,2025-10-31,38121,92121,San Diego County,922000.0,0.084705882,0.05191101,849900.0,-0.05461624,-0.036339929,651.8373148,-0.119636191,-0.039079561,733.3333333,-0.009452092,0.039903691,12,0.333333333,0.714285714,8.0,-0.272727273,-0.272727273,9.0,0.0,-0.357142857,6.0,1.0,-0.5,27.5,7.5,-19.5,0.983686591,-0.001838338,0.031031647,0.083333333,-0.027777778,0.083333333,0.125,-0.329545455,0.034090909,"San Diego, CA",41740,True,True,79.0
56,2025-07-01,2025-09-30,38122,92122,San Diego County,972500.0,-0.110653864,0.018324607,759000.0,-0.050062578,-0.205235602,778.0278797,-0.011909149,-0.002310333,735.3979092,-0.012413071,-0.052473931,70,-0.125,-0.090909091,77.0,-0.083333333,-0.0375,106.0,-0.138211382,0.139784946,75.0,-0.137931035,0.595744681,34.0,-2.0,12.0,0.983146854,0.000558257,-0.015470018,0.157142857,-0.005357143,-0.232467533,0.246753247,-0.050865801,-0.178246753,"San Diego, CA",41740,True,True,67.0
57,2025-07-01,2025-09-30,38123,92123,San Diego County,956000.0,-0.05673409,-0.019487179,984000.0,0.011877738,0.035789474,656.1461794,0.032582681,-0.047808974,665.8284821,0.002695787,0.001406037,69,0.5,0.916666667,67.0,-0.082191781,0.634146342,72.0,-0.076923077,0.469387755,41.0,0.078947368,0.576923077,35.0,0.0,18.5,0.994740096,0.001348815,-0.007989917,0.289855073,0.007246377,-0.154589372,0.358208955,0.043140462,-0.105205679,"San Diego, CA",41740,True,True,78.0
58,2025-05-01,2025-07-31,38124,92124,San Diego County,975500.0,0.005670103,0.037765957,975000.0,0.037234043,-0.048687677,612.2748906,-0.019625812,-0.023282742,626.3742902,0.020712383,0.06105752,46,-0.132075472,-0.041666667,45.0,-0.02173913,-0.262295082,60.0,0.0,-0.166666667,36.0,0.058823529,0.636363636,19.5,2.0,7.0,0.985323606,-0.008461808,-0.02461217,0.260869565,-0.022149303,-0.322463768,0.4,0.008695652,-0.304918033,"San Diego, CA",41740,True,True,75.0
59,2024-11-01,2025-01-31,38125,92126,San Diego County,965000.0,0.06043956,0.005208333,995000.0,0.010922022,0.047919958,687.3092019,-0.015043507,0.044227665,671.3342763,-0.018010474,-0.008470161,95,-0.020618557,0.117647059,94.0,-0.096153846,0.093023256,85.0,-0.076086957,0.036585366,56.0,0.272727273,0.931034483,29.0,3.0,15.0,0.986485645,-0.000290052,-0.023420717,0.231578947,-0.03646229,-0.250773994,0.329787234,-0.016366612,-0.216724394,"San Diego, CA",41740,True,True,79.0
60,2025-04-01,2025-06-30,38126,92127,San Diego County,1700000.0,0.00591716,0.024713683,1691944.0,0.041516774,0.056804497,717.3678533,0.028546087,0.012168983,694.4169629,-0.021236648,0.005008627,113,0.076190476,-0.162962963,113.0,-0.088709677,-0.169117647,154.0,-0.049382716,-0.006451613,115.0,0.055045872,0.825396825,23.5,1.5,12.5,0.992632589,-0.000945693,-0.026334124,0.309734513,-0.052170249,-0.297672894,0.327433628,-0.075792178,-0.238742842,"San Diego, CA",41740,True,True,65.0
61,2024-12-01,2025-02-28,38129,92130,San Diego County,1971000.0,0.26508344,0.039145907,2045000.0,0.013882003,0.054395463,844.0323622,0.026343352,0.025759757,848.3026874,0.008252251,0.040525268,88,0.035294118,0.189189189,87.0,0.023529412,0.0875,108.0,0.367088608,0.421052632,62.0,0.377777778,1.0,25.0,-2.0,4.0,0.994024315,8.5e-05,-0.007534183,0.363636364,0.069518717,-0.068796069,0.402298851,0.108181204,-0.110201149,"San Diego, CA",41740,True,True,72.0
62,2025-07-01,2025-09-30,38130,92131,San Diego County,1385000.0,-0.000360881,0.061302682,1354500.0,-0.08138352,0.042725173,654.444882,-0.027830548,-0.055980125,654.5963879,0.017532137,-0.03816563,72,-0.076923077,-0.132530121,73.0,-0.026666667,-0.197802198,52.0,-0.257142857,-0.590551181,33.0,-0.214285714,-0.476190476,28.0,3.5,11.0,0.981050554,0.000509971,-0.019695048,0.236111111,0.030982906,-0.197623829,0.287671233,-0.018995434,-0.206834262,"San Diego, CA",41740,True,True,73.0
63,2025-06-01,2025-08-31,38148,92154,San Diego County,721500.0,-0.018367347,-0.032193159,715000.0,-0.038332213,-0.055482166,450.2166736,-0.019057318,-0.013042601,448.927477,-0.001284031,-0.0247585,104,0.072164948,0.130434783,117.0,0.063636364,0.026315789,137.0,-0.021428571,0.113821138,77.0,-0.114942529,0.305084746,28.0,2.5,5.0,1.008323644,-9.45e-05,0.005940981,0.596153846,-0.022402855,0.02006689,0.282051282,-0.090675991,-0.147773279,"San Diego, CA",41740,True,True,89.0
64,2025-04-01,2025-06-30,38183,92197,San Diego County,995000.0,0.0,-0.052380952,1012495.0,-0.077453303,-0.07955,726.461039,0.044961646,0.043802706,803.0933968,-0.021160667,0.018125751,16,0.142857143,0.333333333,14.0,-0.176470588,-0.125,22.0,0.222222222,0.157894737,12.0,0.333333333,1.0,23.5,-1.0,13.5,0.972502212,-0.007383044,-0.049541272,0.3125,-0.116071429,-0.354166667,0.642857143,0.172268908,-0.169642857,"San Diego, CA",41740,True,True,86.0
65,2025-08-01,2025-10-31,38322,92402,San Bernardino County,838500.0,1.395714286,0.224981739,502000.0,-0.161936561,-0.705916813,274.9879102,-0.508164481,-0.266830835,320.3856914,0.165644981,-0.452701511,2,1.0,0.0,4.0,1.0,0.333333333,4.0,1.0,1.0,6.0,0.2,1.0,82.5,58.5,-43.0,0.886762254,-0.113237746,-0.07955899,0.0,0.0,0.0,0.0,0.0,0.0,"Riverside, CA",40140,True,True,56.0
66,2025-07-01,2025-09-30,38324,92404,San Bernardino County,500000.0,-0.008919722,-0.019607843,477000.0,-0.044949444,-0.073786408,358.7652883,0.022269598,0.05031631,356.739693,0.016046938,0.066057288,86,-0.12244898,-0.165048544,104.0,0.050505051,-0.04587156,111.0,-0.034782609,-0.119047619,107.0,-0.108333333,0.091836735,62.5,4.0,21.0,0.997662733,-0.003980914,-0.01258045,0.488372093,-0.042240152,-0.142695868,0.298076923,0.055652681,-0.023023994,"Riverside, CA",40140,True,True,70.0
67,2025-05-01,2025-07-31,38327,92407,San Bernardino County,598000.0,0.0,0.067857143,579000.0,-0.018644068,-0.034187107,330.7291667,-0.012537202,-0.087761493,341.3093279,0.019158133,0.004825928,91,0.02247191,-0.235294118,111.0,0.11,-0.10483871,134.0,-0.04964539,0.015151515,116.0,-0.049180328,0.380952381,47.0,3.5,11.0,0.993126768,-0.005951343,-0.011219801,0.505494506,-0.011359427,-0.074337427,0.171171171,-0.058828829,-0.207861087,"Riverside, CA",40140,True,True,68.0
68,2025-06-01,2025-08-31,38328,92408,San Bernardino County,500000.0,-0.038461538,-0.052132701,509999.5,0.025125653,0.046152821,386.7403315,0.088348897,0.186317706,337.5823378,-0.026442801,0.040272377,13,-0.133333333,0.083333333,13.0,0.0,0.0,18.0,0.125,0.285714286,13.0,0.3,-0.071428571,29.0,-2.0,-29.0,0.950415247,-0.006172694,-0.039664696,0.384615385,-0.015384615,-0.115384615,0.384615385,0.0,-0.076923077,"Riverside, CA",40140,True,True,73.0
69,2025-10-01,2025-12-31,38339,92501,Riverside County,589000.0,-0.018333333,-0.042276423,587000.0,-0.020033389,-0.020850709,404.3839758,0.017881827,0.080329874,413.775357,-0.052542506,0.065447205,37,-0.097560976,0.275862069,35.0,-0.078947368,-0.102564103,34.0,-0.055555556,0.0,33.0,-0.029411765,0.1,56.0,12.0,10.0,0.995097415,0.004241399,-0.01838207,0.486486487,0.07185234,0.072693383,0.2,-0.063157895,-0.082051282,"Riverside, CA",40140,True,True,71.0
70,2025-08-01,2025-10-31,38341,92503,Riverside County,635000.0,-0.015503876,0.014376997,649900.0,0.001386749,0.0,370.3703704,-0.001075765,-0.084577114,384.6080396,0.002939426,-0.013172935,159,0.052980132,0.039215686,172.0,-0.033707865,0.102564103,180.0,0.065088757,-0.037433155,162.0,-0.02994012,0.173913044,60.0,-3.0,25.0,0.994297647,-0.000306651,-0.00305462,0.358490566,-0.012370361,-0.105561722,0.238372093,0.013652992,-0.030858676,"Riverside, CA",40140,True,True,67.0
71,2025-05-01,2025-07-31,38342,92504,Riverside County,650000.0,0.011673152,0.023622047,635000.0,-0.023076923,-0.021571649,404.9531459,-0.006142979,0.001488949,412.664042,-0.009606299,0.006205502,93,0.256756757,0.021978022,108.0,0.009345794,0.136842105,117.0,-0.078740157,0.206185567,97.0,0.0,0.46969697,40.0,1.0,6.5,1.000830616,0.000758156,-0.005476604,0.47311828,-0.013368207,-0.043365237,0.361111111,0.034008307,0.01374269,"Riverside, CA",40140,True,True,71.0
72,2025-05-01,2025-07-31,38344,92506,Riverside County,720000.0,-0.010309278,0.066666667,739000.0,-0.033986928,0.055790453,393.3397683,-0.01534813,0.010617761,391.005291,0.002537566,-0.008576742,141,0.007142857,0.128,146.0,-0.039473684,-0.020134228,153.0,-0.105263158,-0.177419355,133.0,0.015267176,0.1875,46.0,4.0,10.0,0.989258668,-0.005868122,-0.004534741,0.333333333,-0.045238095,-0.050666667,0.321917808,-0.026766402,-0.100900984,"Riverside, CA",40140,True,True,60.0
73,2025-08-01,2025-10-31,38345,92507,Riverside County,620000.0,0.029045643,-0.02285264,625000.0,0.009693053,-0.037712435,366.1935949,0.004091505,-0.003139658,362.323774,-0.013011694,-0.015811153,96,-0.04,0.032258065,105.0,-0.07079646,-0.086956522,126.0,0.008,-0.086956522,118.0,-0.016666667,-0.024793388,66.5,0.0,17.5,0.988195017,-0.005267448,-0.009933384,0.302083333,-0.057916667,-0.160282258,0.180952381,0.021660346,-0.106004141,"Riverside, CA",40140,True,True,63.0
74,2025-07-01,2025-09-30,38346,92508,Riverside County,757519.0,-0.018757772,0.023674324,789900.0,0.00958589,0.047327981,322.0611916,0.01558883,-0.032445952,318.0467091,-0.004679337,-0.037918693,79,-0.0125,-0.070588235,80.0,-0.101123596,-0.058823529,79.0,-0.081395349,-0.193877551,76.0,-0.061728395,0.0,50.0,0.0,9.5,0.991566626,0.000548516,-0.011078522,0.430379747,-0.032120253,-0.0637379,0.125,-0.032303371,-0.133823529,"Riverside, CA",40140,True,True,66.0
75,2025-09-01,2025-11-30,38347,92509,Riverside County,655000.0,0.025580804,0.0,619000.0,-0.047692308,-0.059270517,365.2062361,0.007492891,-0.056628774,392.1562092,0.023026668,0.069624798,118,-0.048387097,0.145631068,133.0,-0.022058824,0.220183486,122.0,-0.115942029,-0.146853147,102.0,-0.072727273,0.00990099,43.0,1.5,13.5,1.000658806,-0.003595856,-0.007459709,0.423728814,-0.019819574,-0.139377983,0.203007519,-0.083757187,-0.191487894,"Riverside, CA",40140,True,True,69.0
76,2025-08-01,2025-10-31,38402,92606,Orange County,1635000.0,0.030895334,0.05483871,1524000.0,0.089349535,0.006272697,837.427423,-0.005290693,0.037927208,859.0755023,0.012885755,0.079132828,19,-0.136363636,-0.208333333,23.0,0.045454545,0.095238095,28.0,0.037037037,0.272727273,27.0,0.173913044,0.8,45.0,-7.0,8.0,0.986716263,0.002045183,-0.02025669,0.263157895,-0.009569378,-0.111842105,0.217391304,-0.009881423,-0.115942029,"Anaheim, CA",11244,True,True,55.0
77,2025-06-01,2025-08-31,38406,92612,Orange County,1242000.0,0.035,0.070689655,1247444.0,0.039536667,0.040013339,832.6017308,0.020106348,0.025125254,849.6614292,-0.028870728,0.046701191,60,-0.016393443,-0.259259259,72.0,0.090909091,-0.162790698,100.0,-0.115044248,-0.090909091,97.0,-0.08490566,0.447761194,54.0,11.5,23.0,0.964645413,-0.013247505,-0.029940118,0.133333333,-0.030601093,-0.187654321,0.166666667,-0.045454545,-0.251937985,"Anaheim, CA",11244,True,True,49.0
78,2025-06-01,2025-08-31,38411,92618,Orange County,1544990.0,-0.015929936,-0.127124294,1680000.0,-0.026086957,-0.063545151,753.255818,-0.012358374,-0.09182528,783.1821929,-0.028040385,-0.038946797,166,0.024691358,0.099337748,179.0,-0.062827225,0.316176471,293.0,-0.114803625,0.053956835,371.0,-0.046272494,0.855,71.0,14.0,38.0,0.972914021,-0.007725582,-0.038303271,0.108433735,-0.033541574,-0.394877523,0.150837989,-0.02193688,-0.385926717,"Anaheim, CA",11244,True,True,42.0
79,2025-09-01,2025-11-30,38460,92701,Orange County,660000.0,0.181208054,-0.098976109,668000.0,-0.07862069,0.484774394,517.2413793,-0.009921037,-0.084147437,540.8271474,0.062362317,0.01417967,37,-0.159090909,-0.075,38.0,-0.155555556,-0.155555556,53.0,0.0,0.177777778,54.0,-0.052631579,0.0,64.0,2.0,17.0,0.983644519,0.004293791,-0.018181532,0.243243243,0.061425061,-0.181756757,0.263157895,-0.003508772,0.063157895,"Anaheim, CA",11244,True,True,61.0
80,2025-06-01,2025-08-31,38462,92703,Orange County,760000.0,0.0,-0.099526066,779900.0,0.010233161,-0.082362631,595.084088,-0.0006951,0.022411348,559.1630592,-0.067014163,-0.103342094,49,0.065217391,0.633333333,44.0,-0.102040816,0.257142857,47.0,0.175,0.044444444,41.0,0.078947368,0.322580645,57.0,7.0,19.5,0.998284054,0.011395647,-0.005201664,0.346938776,-0.000887311,-0.186394558,0.272727273,0.027829314,-0.127272727,"Anaheim, CA",11244,True,True,56.0
81,2025-09-01,2025-11-30,38465,92706,Orange County,1180000.0,0.006396588,0.123809524,1125000.0,-0.058577406,0.184834123,648.7341772,-0.037035206,-0.026599778,650.1632209,0.041094029,0.102818198,31,-0.205128205,0.148148148,27.0,-0.325,-0.1,29.0,-0.064516129,-0.033333333,31.0,-0.060606061,0.291666667,51.0,6.0,15.0,1.000891834,-0.006335458,0.002274484,0.419354839,-0.093465674,-0.062126643,0.185185185,-0.039814815,-0.314814815,"Anaheim, CA",11244,True,True,70.0
82,2025-07-01,2025-09-30,38466,92707,Orange County,775000.0,-0.018987342,-0.064009662,829000.0,0.039563609,0.060178222,590.6902087,-0.033018251,-0.015516319,613.9376218,0.032902653,0.019349133,31,-0.114285714,-0.205128205,49.0,0.289473684,0.020833333,57.0,0.055555556,0.239130435,53.0,0.039215686,0.709677419,41.0,-7.0,-15.0,0.981749708,-0.009237233,0.01020879,0.258064516,-0.056221198,-0.229114971,0.285714286,-0.109022556,-0.110119048,"Anaheim, CA",11244,True,True,73.0
