Zip Code,City,County,PERIOD,MarketScore_hat,MEDIAN_SALE_PRICE_MOM,MEDIAN_LIST_PRICE_MOM,MEDIAN_LIST_PPSF_MOM,HOMES_SOLD,NEW_LISTINGS_YOY,MEDIAN_DOM,AVG_SALE_TO_LIST,SOLD_ABOVE_LIST,OFF_MARKET_IN_TWO_WEEKS
90001,Los Angeles,Los Angeles County,2025-12,45,0.057377049,0.058526012,-0.017452901,27,0.090909091,109.0,0.990321862,0.296296296,0.266666667
90002,Los Angeles,Los Angeles County,2025-06,61,0.004273504,0.001540832,0.013468612,52,0.017857143,69.0,0.997316847,0.461538462,0.235294118
90003,Los Angeles,Los Angeles County,2025-07,61,-0.003759398,-0.012908125,0.024284428,46,0.123287671,54.0,0.981884433,0.47826087,0.142857143
90005,Los Angeles,Los Angeles County,2025-07,51,-0.131034483,-0.115555556,0.045245868,19,-0.060606061,73.0,0.962205744,0.263157895,0.15
90006,Los Angeles,Los Angeles County,2025-01,55,0.119014085,-0.041292815,0.009042323,12,1.217391304,66.0,0.986939019,0.333333333,0.285714286
90007,Los Angeles,Los Angeles County,2025-04,43,0.101351351,-0.057692308,-0.0546816,10,0.12,74.5,0.946323313,0.2,0.1
90010,Los Angeles,Los Angeles County,2025-07,43,0.054216867,-0.186500888,-0.064671751,4,-0.470588235,72.0,0.975170451,0.25,0.0
90014,Los Angeles,Los Angeles County,2025-09,26,0.015,-0.161650918,0.06180954,6,1.0,126.0,0.965745003,0.333333333,0.0
90015,Los Angeles,Los Angeles County,2025-05,25,0.305019305,0.045585997,-0.00011604,21,0.15625,136.0,0.971523523,0.095238095,0.045454545
90016,Los Angeles,Los Angeles County,2025-08,66,0.003009027,-0.110320285,-0.001205201,53,0.034090909,50.0,1.012580461,0.490566038,0.217391304
90017,Los Angeles,Los Angeles County,2025-06,32,0.060344828,-0.032310178,0.023853499,9,-0.022727273,99.0,0.93883367,0.0,0.0
90019,Los Angeles,Los Angeles County,2025-10,56,-0.030492572,0.087586207,-0.003429033,50,-0.160714286,61.5,0.986786521,0.26,0.14516129
90020,Los Angeles,Los Angeles County,2025-09,50,-0.015,-0.036310821,-0.007511854,16,0.135135135,57.5,0.967400346,0.1875,0.1
90023,Los Angeles,Los Angeles County,2025-08,52,-0.050589051,0.003736537,0.010508842,20,0.380952381,57.0,0.999481329,0.35,0.043478261
90024,Los Angeles,Los Angeles County,2025-11,49,0.069690993,0.02611276,-0.015000275,70,0.24742268,78.0,0.973867516,0.185714286,0.192307692
90025,Los Angeles,Los Angeles County,2025-11,66,0.036433365,0.0,0.015881946,80,-0.068627451,53.0,0.991063643,0.2125,0.316455696
90027,Los Angeles,Los Angeles County,2025-07,59,-0.035989717,-0.163260506,-0.008341928,54,0.47826087,42.0,0.981418252,0.351851852,0.15
90028,Los Angeles,Los Angeles County,2025-11,31,-0.196617336,0.054910243,-0.031108661,17,0.588235294,98.0,0.956400269,0.117647059,0.058823529
90032,Los Angeles,Los Angeles County,2025-09,64,-0.020172911,-0.005238684,0.020448502,64,0.480769231,57.0,1.006959652,0.453125,0.25
90033,Los Angeles,Los Angeles County,2025-05,53,-0.083769634,-0.070930233,0.014894895,11,0.25,64.0,0.944738874,0.363636364,0.157894737
90035,Los Angeles,Los Angeles County,2025-10,43,-0.153846154,-0.072970508,-0.097753791,37,-0.20754717,95.0,0.967152197,0.135135135,0.292682927
90036,Los Angeles,Los Angeles County,2025-12,53,0.030927835,0.000228363,-0.094518138,33,0.366666667,50.0,0.973734994,0.212121212,0.2
90039,Los Angeles,Los Angeles County,2025-04,79,-0.051863857,-0.074338813,-0.037095924,48,0.144927536,29.0,1.052598256,0.583333333,0.350877193
90040,Los Angeles,Los Angeles County,2025-07,75,0.0,0.0,-0.008309561,11,0.090909091,46.0,1.003262183,0.636363636,0.384615385
90041,Los Angeles,Los Angeles County,2025-10,77,0.0,0.112822488,0.021485703,40,0.25,35.5,1.019090026,0.45,0.380952381
90042,Los Angeles,Los Angeles County,2025-10,66,0.009478673,-0.047668937,-0.038888126,77,0.014388489,49.0,1.042562728,0.506493507,0.2
90044,Los Angeles,Los Angeles County,2025-05,57,0.017857143,0.029451138,-0.01841186,82,0.073394495,82.5,0.993448955,0.524390244,0.219512195
90045,Los Angeles,Los Angeles County,2025-08,64,0.0140625,-0.00055643,0.038534613,66,-0.114035088,56.0,0.99146726,0.242424242,0.265822785
90048,Los Angeles,Los Angeles County,2025-11,43,0.021126761,0.0,-0.067604334,57,-0.033707865,77.0,0.974770636,0.122807018,0.098591549
90049,Los Angeles,Los Angeles County,2025-11,52,0.070292887,-0.029455081,0.030024599,128,0.473214286,76.0,0.968579247,0.1484375,0.209677419
90056,Los Angeles,Los Angeles County,2025-03,41,-0.083333333,-0.023255814,-0.014141268,23,0.15,113.5,0.998467788,0.347826087,0.217391304
90057,Los Angeles,Los Angeles County,2025-12,64,0.45015949,0.0,0.098550725,2,-0.357142857,64.5,1.087394327,0.5,0.0
90058,Los Angeles,Los Angeles County,2025-12,15,0.522727273,0.0,0.0,2,-0.8,165.5,0.88465251,0.0,0.0
90059,Los Angeles,Los Angeles County,2025-07,74,0.024390244,0.033335056,-0.014539097,35,0.382352941,43.0,1.02517216,0.628571429,0.342857143
90061,Los Angeles,Los Angeles County,2025-08,74,0.08389313,-0.033086569,-0.000531833,20,0.032258065,36.0,1.008934436,0.5,0.3
90062,Los Angeles,Los Angeles County,2025-11,49,0.028938907,0.045986405,0.018528227,32,0.022222222,86.5,0.97091626,0.3125,0.148148148
90064,Los Angeles,Los Angeles County,2025-07,76,0.025,0.033442982,0.055883607,76,0.011494253,43.0,1.014909169,0.421052632,0.338461539
90065,Los Angeles,Los Angeles County,2025-10,63,0.078947368,-0.040867389,-0.016825179,77,0.06741573,61.5,1.008257575,0.51948052,0.211267606
90066,Los Angeles,Los Angeles County,2025-01,60,-0.026315789,0.012003201,0.020611065,82,0.28125,62.0,0.97514069,0.317073171,0.24137931
90067,Los Angeles,Los Angeles County,2025-12,45,0.10817942,-0.14964965,-0.216146503,33,0.736842105,53.0,0.967462954,0.121212121,0.243902439
90068,Los Angeles,Los Angeles County,2025-03,48,0.03867748,0.078378378,0.060588394,62,0.477272727,95.5,0.986110476,0.322580645,0.175
90069,West Hollywood,Los Angeles County,2025-04,48,-0.031034483,-0.106,0.006830113,101,0.461538462,76.0,0.969314261,0.158415842,0.178217822
90077,Los Angeles,Los Angeles County,2025-09,40,-0.225446748,-0.072293916,-0.010155156,38,0.28,99.0,0.968841915,0.263157895,0.166666667
90094,Los Angeles,Los Angeles County,2025-02,63,0.112318841,0.019684098,-0.028339923,23,0.064516129,61.0,0.998458584,0.173913044,0.407407407
90201,Bell,Los Angeles County,2025-04,66,-0.001175088,0.029411765,0.019265662,21,-0.138888889,60.5,0.981432859,0.476190476,0.28
90210,Beverly Hills,Los Angeles County,2025-12,35,0.10275,-0.020172911,0.046723049,71,-0.024096386,116.0,0.928221018,0.084507042,0.121212121
90211,Beverly Hills,Los Angeles County,2025-09,68,0.002522068,0.0,0.0,20,-0.142857143,49.0,0.954644187,0.2,0.421052632
90212,Beverly Hills,Los Angeles County,2025-08,62,-0.061143573,-0.055793991,0.117086967,20,0.5,62.5,0.983635529,0.25,0.307692308
90213,Beverly Hills,Los Angeles County,2025-04,9,,,,1,,170.0,0.967551622,0.0,0.0
90220,Compton,Los Angeles County,2025-07,66,0.015384615,-0.007418398,-0.063103436,53,0.171875,49.0,1.009346653,0.603773585,0.216666667
90222,Compton,Los Angeles County,2025-01,65,-0.006163328,-0.038613906,-0.004512375,29,0.151515152,58.0,1.012261624,0.551724138,0.24137931
90232,Culver City,Los Angeles County,2025-09,65,0.074927954,0.100291082,0.058022575,29,0.060606061,63.0,1.004245078,0.448275862,0.242424242
90240,Downey,Los Angeles County,2025-01,60,-0.10525,0.03200225,-0.072273514,28,0.473684211,46.0,0.990184021,0.321428571,0.285714286
90241,Downey,Los Angeles County,2025-08,77,-0.005524862,0.09132948,-0.013988313,47,0.086956522,42.0,1.017739633,0.617021277,0.372093023
90242,Downey,Los Angeles County,2025-08,83,0.001468429,-0.022089552,0.07694759,24,0.322580645,29.5,1.016250049,0.625,0.363636364
90245,El Segundo,Los Angeles County,2025-12,62,0.036807287,0.001161103,0.015363263,31,-0.44,70.5,0.992529188,0.35483871,0.272727273
90247,Gardena,Los Angeles County,2025-08,74,0.012903226,-0.008951407,-0.000459638,45,0.178571429,38.0,1.007948681,0.533333333,0.321428571
90248,Gardena,Los Angeles County,2025-10,76,0.015434084,0.015228426,0.040815687,12,-0.227272727,45.5,1.006843862,0.5,0.375
90249,Gardena,Los Angeles County,2025-02,72,0.036144578,0.0,-0.020592824,25,0.842105263,34.0,1.033969493,0.56,0.310344828
90250,Hawthorne,Los Angeles County,2025-12,69,-0.054505006,0.097802801,0.117796389,52,0.017857143,55.5,0.997617929,0.403846154,0.24137931
90254,Hermosa Beach,Los Angeles County,2025-10,54,-0.038865546,-0.210484194,0.090762065,46,-0.272727273,81.5,0.966390945,0.108695652,0.276595745
90255,Huntington Park,Los Angeles County,2025-08,67,0.03180212,0.028070175,0.018125936,25,0.021276596,48.0,0.996958209,0.52,0.193548387
90260,Lawndale,Los Angeles County,2025-07,70,0.127035831,-0.005952381,-0.033179102,24,0.256410256,38.0,0.994853022,0.458333333,0.288888889
90262,Lynwood,Los Angeles County,2025-04,73,-0.060402685,-0.010601421,0.05888925,16,0.178571429,40.0,0.979714418,0.375,0.363636364
90265,Malibu,Los Angeles County,2025-05,36,0.232692308,0.138285714,0.0,36,0.116438356,101.0,0.931058762,0.027777778,0.105263158
90266,Manhattan Beach,Los Angeles County,2025-12,62,-0.050984848,0.062666042,-0.015015891,76,0.09375,57.5,0.973756017,0.223684211,0.328571429
90270,Maywood,Los Angeles County,2025-12,66,0.291666667,0.112578223,0.004160896,5,0.090909091,39.0,0.984865786,0.4,0.142857143
90272,Pacific Palisades,Los Angeles County,2025-12,54,-0.049496644,0.005228538,0.012679689,42,-0.048387097,62.0,0.946119092,0.119047619,0.219512195
90274,Palos Verdes Peninsula,Los Angeles County,2025-03,71,0.088181818,0.0189099,-0.012548094,58,0.558441558,45.0,0.976244765,0.275862069,0.48
90275,Rancho Palos Verdes,Los Angeles County,2025-12,57,-0.008498584,-0.010561423,-0.042869533,91,-0.346153846,63.0,0.974865903,0.208791209,0.220930233
90277,Redondo Beach,Los Angeles County,2025-02,76,0.031626506,0.056417489,-0.01669155,68,0.194029851,41.5,0.995225625,0.308823529,0.492537313
90280,South Gate,Los Angeles County,2025-04,79,-0.010714286,-0.02098042,-0.02092087,28,0.282608696,41.0,1.02708155,0.714285714,0.418604651
90290,Topanga,Los Angeles County,2025-12,30,-0.290322581,0.001884422,-0.009414627,13,-0.136363636,135.0,0.989812179,0.153846154,0.1875
90292,Marina Del Rey,Los Angeles County,2025-02,46,0.153846154,0.010108303,-0.020661215,82,0.5625,82.5,0.975416847,0.207317073,0.168831169
90303,Inglewood,Los Angeles County,2025-08,63,-0.123655914,0.000563204,-0.037380776,9,0.047619048,47.0,0.998247253,0.444444444,0.230769231
90304,Inglewood,Los Angeles County,2025-11,59,0.096153846,-0.109090099,0.121923145,13,0.363636364,46.0,0.976043313,0.230769231,0.071428571
90305,Inglewood,Los Angeles County,2025-08,65,0.06375,-0.046774194,-0.009966279,20,-0.297297297,49.0,0.995396813,0.5,0.16
90401,Santa Monica,Los Angeles County,2025-12,49,0.0,-0.019643507,0.006398135,3,0.333333333,63.0,0.965737228,0.0,0.2
90402,Santa Monica,Los Angeles County,2025-08,59,-0.018867925,-0.136874362,-0.059180239,50,0.25,62.0,0.979563474,0.24,0.377777778
90403,Santa Monica,Los Angeles County,2025-05,72,-0.093150685,-0.012716468,0.0,51,0.102941177,39.0,1.006697783,0.37254902,0.352941177
90405,Santa Monica,Los Angeles County,2025-12,48,-0.028415614,0.00876494,-0.009159601,44,-0.027777778,72.0,0.978519262,0.204545455,0.102564103
90408,Santa Monica,Los Angeles County,2025-11,85,,,,1,,55.0,0.989247312,0.0,1.0
90502,Torrance,Los Angeles County,2025-10,66,0.085091899,-0.012149533,-0.019638392,34,0.558823529,46.0,1.000021789,0.411764706,0.302325581
90503,Torrance,Los Angeles County,2025-10,79,0.002079002,-0.037656904,0.048240095,83,-0.0875,40.0,0.999817448,0.289156627,0.46835443
90504,Torrance,Los Angeles County,2025-04,100,0.078827691,-0.070257611,-0.025593761,27,-0.343283582,20.0,1.02479056,0.666666667,0.733333333
90505,Torrance,Los Angeles County,2025-05,79,-0.045725646,-0.000344947,0.026111841,79,0.388059702,25.0,1.005486756,0.405063291,0.390243902
90601,Whittier,Los Angeles County,2025-08,81,0.037394451,0.027357392,0.008197327,41,-0.305555556,35.0,1.000599878,0.56097561,0.377777778
90602,Whittier,Los Angeles County,2025-01,61,-0.052631579,0.190501591,-0.038160774,20,0.4,55.0,1.002020254,0.35,0.28
90603,Whittier,Los Angeles County,2025-03,73,-0.023333333,0.011853137,-0.021872451,40,0.342857143,37.0,1.009030132,0.45,0.357142857
90605,Whittier,Los Angeles County,2025-08,71,0.050314465,0.043149436,0.010024435,34,-0.212121212,50.0,1.007946938,0.647058824,0.205882353
90620,Buena Park,Orange County,2025-10,76,0.041573034,-0.007454739,-0.018450488,69,-0.266666667,43.5,0.991462329,0.391304348,0.440677966
90621,Buena Park,Orange County,2025-07,74,-0.038354641,-0.012112457,0.026827005,23,-0.142857143,41.0,1.008073128,0.347826087,0.375
90623,La Palma,Orange County,2025-09,80,0.007133865,0.0409742,0.022756554,21,0.0,40.0,0.991829356,0.428571429,0.5
90630,Cypress,Orange County,2025-01,83,-0.023668639,0.0,-0.036007157,65,0.425531915,32.0,1.015178367,0.584615385,0.534482759
90631,La Habra,Orange County,2025-11,71,0.01744186,-0.055503114,-0.004114474,94,-0.042016807,45.5,0.994860016,0.382978723,0.330357143
90660,Pico Rivera,Los Angeles County,2025-10,74,0.0,-0.008807174,-0.011339685,67,0.186440678,37.5,1.008930557,0.47761194,0.328947368
90670,Santa Fe Springs,Los Angeles County,2025-09,66,-0.02327044,-0.017475728,0.007982955,24,0.235294118,46.0,1.00731465,0.458333333,0.238095238
90680,Stanton,Orange County,2025-11,76,0.003311258,-0.051612903,0.047723749,32,-0.159090909,44.0,1.004471117,0.46875,0.357142857
90701,Artesia,Los Angeles County,2025-07,67,-0.038333192,0.118025069,-0.069113323,12,-0.318181818,54.5,1.033696724,0.583333333,0.25
90703,Cerritos,Los Angeles County,2025-07,81,0.0,0.039473684,-0.029162232,71,-0.117021277,31.5,1.003746316,0.535211268,0.409638554
90706,Bellflower,Los Angeles County,2025-09,77,0.019736842,0.009500563,-0.035116611,45,-0.071428571,42.0,1.004897449,0.555555556,0.426229508
90710,Harbor City,Los Angeles County,2025-06,73,0.018691589,0.010012516,-0.042973236,24,0.020408163,40.0,0.99856803,0.541666667,0.344827586
90715,Lakewood,Los Angeles County,2025-09,62,-0.006506181,0.053473797,0.091221058,24,-0.566666667,83.5,0.985418343,0.5,0.227272727
90716,Hawaiian Gardens,Los Angeles County,2025-05,70,0.0,0.039133838,0.000411528,9,0.333333333,43.0,1.010777107,0.555555556,0.272727273
90717,Lomita,Los Angeles County,2025-08,73,-0.008036163,-0.024334252,0.018049589,26,-0.428571429,52.0,0.989410698,0.307692308,0.45
90723,Paramount,Los Angeles County,2025-10,59,-0.225988701,0.004278225,-0.00786751,31,0.121212121,57.0,0.991591936,0.419354839,0.192307692
90731,San Pedro,Los Angeles County,2025-10,69,-0.044444444,-0.012806236,0.049641476,91,-0.028571429,54.5,0.993020989,0.318681319,0.329787234
90732,San Pedro,Los Angeles County,2025-09,71,-0.125,0.126506024,0.016534256,50,0.405797101,44.0,1.00753447,0.46,0.338235294
90740,Seal Beach,Orange County,2025-04,75,0.058591178,-0.079229122,-0.001966041,135,-0.083832335,41.0,0.993819454,0.214814815,0.455882353
90743,Surfside,Orange County,2025-01,52,-0.019830028,0.0,0.0,1,0.0,35.0,1.0,0.0,0.0
90745,Carson,Los Angeles County,2025-08,71,-0.068181818,0.027434842,0.009082091,42,0.061538462,45.5,1.000545698,0.547619048,0.288135593
90746,Carson,Los Angeles County,2025-12,66,-0.012158055,0.0,-0.00907544,30,-0.355555556,51.0,0.987494703,0.4,0.25
90755,Signal Hill,Los Angeles County,2025-06,68,0.0,-0.025341797,-0.004142678,31,-0.212765957,47.0,0.990488838,0.290322581,0.325
90803,Long Beach,Los Angeles County,2025-03,65,0.044765343,0.000667111,-0.02492454,74,0.597402597,51.5,0.990075604,0.310810811,0.367088608
90807,Long Beach,Los Angeles County,2025-11,70,0.031052632,-0.025265286,-0.002569618,66,-0.04109589,55.0,1.011383341,0.454545455,0.333333333
90810,Long Beach,Los Angeles County,2025-04,71,0.017667845,-0.045982542,-0.038141925,23,-0.085714286,34.0,1.005328998,0.434782609,0.289473684
90814,Long Beach,Los Angeles County,2025-11,61,0.148858921,8.33e-07,0.021009053,36,0.166666667,61.5,0.983751355,0.222222222,0.305555556
91006,Arcadia,Los Angeles County,2025-12,57,0.006,-0.040962289,0.013471305,74,-0.059701493,65.0,0.981787325,0.256756757,0.205882353
91008,Duarte,Los Angeles County,2025-12,55,-0.04516129,0.129214389,-0.022149937,3,-0.285714286,21.0,0.944576564,0.0,0.0
91009,Duarte,Los Angeles County,2025-12,48,,,,2,,43.0,0.981375681,0.0,0.0
91010,Duarte,Los Angeles County,2025-06,83,-0.025641026,0.065420561,0.010415686,47,-0.359375,37.0,1.023634017,0.574468085,0.414634146
91011,La Canada Flintridge,Los Angeles County,2025-03,91,0.033446826,-0.025009769,-4.74e-05,35,0.409090909,31.0,1.042941738,0.6,0.651162791
91016,Monrovia,Los Angeles County,2025-06,77,-0.001818182,-0.048571429,0.005851436,69,0.214285714,38.0,1.019509796,0.579710145,0.358208955
91020,Montrose,Los Angeles County,2025-11,69,0.148255814,-0.001532176,-0.073088147,8,1.5,40.0,1.017812657,0.375,0.5
91024,Sierra Madre,Los Angeles County,2025-01,59,0.0,0.019397993,-0.031013563,20,-0.125,41.5,1.00562359,0.25,0.117647059
91030,South Pasadena,Los Angeles County,2025-04,85,0.002824859,0.000556174,0.00781136,41,0.710526316,28.0,1.084054149,0.682926829,0.441860465
91042,Tujunga,Los Angeles County,2025-08,70,-0.041916168,0.0,0.045115222,34,-0.034482759,49.0,1.012672798,0.382352941,0.29787234
91101,Pasadena,Los Angeles County,2025-12,52,0.038062284,0.026458776,-0.0052391,47,0.30952381,81.0,1.005682202,0.234042553,0.255319149
91103,Pasadena,Los Angeles County,2025-06,75,0.142525174,0.018148148,0.037764325,33,-0.045454545,34.0,1.005093667,0.515151515,0.230769231
91104,Pasadena,Los Angeles County,2025-09,77,-0.037037037,-0.007313318,-0.009683684,67,0.471698113,38.0,1.047489723,0.611940299,0.348484849
91105,Pasadena,Los Angeles County,2025-12,62,-0.124234129,-0.026363092,0.011710338,52,-0.128205128,56.0,1.011551266,0.442307692,0.16
91106,Pasadena,Los Angeles County,2025-10,66,0.0,0.151371094,0.033948075,49,0.0,61.0,0.987138367,0.346938776,0.307692308
91107,Pasadena,Los Angeles County,2025-01,74,-0.026025237,-0.033911672,-0.002919149,53,0.20754717,35.5,1.026360889,0.509433962,0.291666667
91108,San Marino,Los Angeles County,2025-07,79,-0.047619048,-0.004491148,9.98e-05,31,0.204545455,29.0,1.032248038,0.548387097,0.368421053
91123,Pasadena,Los Angeles County,2025-02,31,-0.305555556,0.0,0.0,1,,88.0,0.937504688,0.0,0.0
91201,Glendale,Los Angeles County,2025-08,75,0.045364892,-0.037933818,-0.07242407,14,-0.083333333,31.5,1.003635758,0.571428571,0.333333333
91202,Glendale,Los Angeles County,2025-12,78,0.1,0.157939914,0.014459824,30,0.04,36.5,0.991044619,0.466666667,0.391304348
91203,Glendale,Los Angeles County,2025-01,79,0.011477762,0.0,0.023845421,7,0.0,39.0,1.007124042,0.571428571,0.4
91204,Glendale,Los Angeles County,2025-01,100,-0.149184783,-0.01269464,0.060840671,2,-0.111111111,27.0,1.039904016,1.0,0.75
91205,Glendale,Los Angeles County,2025-11,78,0.157216495,0.089952381,0.02991631,18,0.166666667,42.5,1.012685112,0.5,0.4
91206,Glendale,Los Angeles County,2025-10,81,0.100631579,0.053913043,0.083670217,58,0.0625,38.5,1.022422853,0.482758621,0.370967742
91207,Glendale,Los Angeles County,2025-02,92,-0.052285714,0.385826772,0.07187562,10,-0.666666667,37.0,1.024875458,0.4,0.6
91208,Glendale,Los Angeles County,2025-07,78,0.0,-0.090136571,0.018882924,35,0.088888889,38.0,1.020696065,0.514285714,0.393939394
91210,Glendale,Los Angeles County,2025-06,100,0.018181818,-0.000375031,-0.008995011,1,1.0,24.0,1.12,1.0,1.0
91301,Agoura Hills,Los Angeles County,2025-12,56,-0.079166667,0.055750487,0.023704376,70,0.111111111,71.0,0.970025932,0.2,0.266666667
91302,Calabasas,Los Angeles County,2025-04,64,-0.038461538,-0.052347826,-0.002118335,53,0.483870968,48.0,0.987060655,0.301886793,0.31884058
91303,Canoga Park,Los Angeles County,2025-11,37,0.073825503,-0.210223182,-0.012317241,20,-0.096774194,100.0,0.966884703,0.1,0.115384615
91304,Canoga Park,Los Angeles County,2025-09,65,0.02,-0.001010101,0.030261787,78,-0.217741936,63.0,0.992553872,0.358974359,0.27173913
91306,Winnetka,Los Angeles County,2025-11,62,-0.011320755,0.014660281,-0.028095139,60,-0.172413793,64.0,0.997095911,0.433333333,0.246753247
91310,Castaic,Los Angeles County,2025-06,55,0.027000331,0.0,0.003579034,48,0.314285714,67.0,0.991557733,0.145833333,0.272727273
91311,Chatsworth,Los Angeles County,2025-12,65,0.032183908,0.029581851,0.011321321,79,-0.049382716,54.0,0.990700028,0.316455696,0.259259259
91313,Chatsworth,Los Angeles County,2025-07,64,0.171698113,0.017811705,-0.00529383,1,0.0,192.0,1.001612903,1.0,1.0
91316,Encino,Los Angeles County,2025-11,54,0.035469108,-0.043913043,-0.009089719,83,0.038095238,71.0,0.977945333,0.204819277,0.222222222
91320,Newbury Park,Ventura County,2025-04,73,-0.04405495,-0.013220019,0.004462906,91,0.163461539,41.0,0.992026786,0.263736264,0.424242424
91321,Newhall,Los Angeles County,2025-11,66,0.008498584,-0.093797386,-0.010865069,73,0.043478261,48.0,0.996227108,0.438356164,0.25
91324,Northridge,Los Angeles County,2025-09,63,0.033701657,0.100434806,0.007310712,40,-0.109375,56.0,0.989817157,0.275,0.256410256
91325,Northridge,Los Angeles County,2025-12,68,-0.03892944,0.142809524,0.038540256,48,0.069767442,43.0,1.006129026,0.375,0.215686275
91335,Reseda,Los Angeles County,2025-12,61,0.005603985,-0.04467354,-0.008726369,80,-0.033333333,56.0,0.987332876,0.2875,0.231707317
91340,San Fernando,Los Angeles County,2025-12,67,0.079136691,-0.003344482,0.054386125,15,0.235294118,63.0,1.023180366,0.6,0.25
91342,Sylmar,Los Angeles County,2025-03,71,0.001902346,0.037797117,0.0,71,0.230088496,54.5,1.000908466,0.394366197,0.417475728
91343,North Hills,Los Angeles County,2025-10,76,-0.026361032,0.057647059,0.068476907,64,-0.06122449,44.0,1.00311248,0.484375,0.333333333
91345,Mission Hills,Los Angeles County,2025-11,49,-0.007490637,0.062375664,0.010229718,19,0.545454546,67.0,0.984128132,0.263157895,0.090909091
91350,Santa Clarita,Los Angeles County,2025-07,63,0.009501188,-0.03317421,-0.00303429,121,0.123287671,57.0,0.994977399,0.338842975,0.237704918
91351,Canyon Country,Los Angeles County,2025-08,59,0.0,-0.013351135,0.002893428,79,-0.098039216,60.0,0.994062085,0.367088608,0.157303371
91352,Sun Valley,Los Angeles County,2025-08,81,-0.005681818,-0.050866406,0.019979169,45,-0.061538462,48.0,1.014214798,0.555555556,0.5
91354,Valencia,Los Angeles County,2025-12,49,0.012360212,-0.015056462,-0.022529772,101,-0.23655914,81.0,0.985156493,0.188118812,0.14893617
91355,Valencia,Los Angeles County,2025-08,71,-0.043023256,-0.09222365,-0.008628537,72,-0.025641026,40.5,0.995368917,0.361111111,0.336956522
91356,Tarzana,Los Angeles County,2025-10,56,0.038461538,-0.024550898,-0.008982452,76,-0.024390244,57.0,0.973402417,0.197368421,0.172839506
91360,Thousand Oaks,Ventura County,2025-03,77,0.0,0.1011001,0.011572183,62,0.084210526,40.0,0.991518002,0.290322581,0.494382023
91361,Westlake Village,Ventura County,2025-06,66,0.042132416,0.008816989,0.003820576,112,0.146551724,47.0,0.984052075,0.205357143,0.316326531
91364,Woodland Hills,Los Angeles County,2025-08,54,0.0,-0.010238908,0.009422377,77,0.153061225,62.0,0.959199651,0.155844156,0.188118812
91367,Woodland Hills,Los Angeles County,2025-02,60,-0.00605013,0.046666667,-0.005028224,101,0.087719298,59.0,0.984730915,0.257425743,0.24
91390,Santa Clarita,Los Angeles County,2025-09,56,0.028571429,-0.001526476,-0.007360867,53,-0.126760563,61.5,0.990459183,0.283018868,0.133333333
91396,Winnetka,Los Angeles County,2025-05,49,-0.033333333,0.176,-0.132860113,2,0.2,56.0,1.001432665,0.5,0.0
91401,Van Nuys,Los Angeles County,2025-07,71,0.01754386,0.065162907,-0.008737444,51,-0.025316456,47.0,1.032952829,0.470588235,0.298245614
91402,Panorama City,Los Angeles County,2025-10,70,-0.071332436,0.017421494,0.0,39,-0.060606061,47.0,1.014342726,0.461538462,0.29787234
91403,Sherman Oaks,Los Angeles County,2025-11,44,-0.025744417,-0.02587519,-0.062650585,54,-0.039473684,98.0,0.969721894,0.185185185,0.269230769
91405,Van Nuys,Los Angeles County,2025-12,58,-0.034375,0.136946059,0.030101802,44,0.05,71.5,0.999142789,0.363636364,0.212765957
91406,Van Nuys,Los Angeles County,2025-06,73,0.0,-0.012455799,-0.00014817,74,-0.074468085,42.0,0.998496258,0.45945946,0.328767123
91411,Van Nuys,Los Angeles County,2025-12,68,-0.023684211,0.0,-0.074302914,30,0.321428571,44.5,1.00188252,0.4,0.392857143
91436,Encino,Los Angeles County,2025-01,51,0.033653846,0.027250394,0.005541884,47,0.357142857,62.5,0.967922332,0.170212766,0.146341463
91501,Burbank,Los Angeles County,2025-08,60,-0.004524887,-0.059304703,0.032119781,23,0.37037037,43.5,0.981070343,0.391304348,0.103448276
91502,Burbank,Los Angeles County,2025-11,65,0.190476191,0.0,-0.036162326,6,-0.1,52.0,0.985629768,0.166666667,0.4
91504,Burbank,Los Angeles County,2025-04,76,0.0,0.045930444,-0.004513673,37,0.1875,41.0,1.014204295,0.486486487,0.4
91505,Burbank,Los Angeles County,2025-12,66,0.0,-0.085106383,-0.004368838,51,0.044444444,49.0,0.993306001,0.352941177,0.3
91602,North Hollywood,Los Angeles County,2025-11,56,0.123481781,-0.00483871,-0.052288472,49,0.14893617,61.0,0.978139939,0.224489796,0.25
91604,Studio City,Los Angeles County,2025-10,62,-0.024390244,0.013340174,-0.009596779,83,-0.118518519,54.0,0.983314596,0.313253012,0.213483146
91605,North Hollywood,Los Angeles County,2025-12,60,0.005621487,-0.042301184,-0.037409158,30,-0.177777778,69.0,0.987054477,0.333333333,0.323529412
91606,North Hollywood,Los Angeles County,2025-05,71,-0.010275825,-0.018508997,0.009998313,39,-0.295774648,53.0,0.993235252,0.333333333,0.394736842
91609,North Hollywood,Los Angeles County,2025-06,53,0.0,,,5,,56.0,0.998276534,0.4,0.0
91701,Alta Loma,San Bernardino County,2025-06,79,0.005714286,0.000588928,-0.000167715,72,0.62962963,30.0,1.003083805,0.472222222,0.444444444
91702,Azusa,Los Angeles County,2025-12,69,0.032857143,-0.018141523,0.053386381,70,-0.1,50.5,1.00435053,0.428571429,0.24
91708,Chino,San Bernardino County,2025-03,61,0.065711988,-0.029806239,-0.011486259,58,0.276923077,53.0,1.004690103,0.465517241,0.150943396
91709,Chino Hills,San Bernardino County,2025-11,66,-0.047619048,-0.031067961,-0.008258185,123,-0.046357616,50.0,0.986062718,0.227642276,0.310606061
91710,Chino,San Bernardino County,2025-12,68,0.009696186,-0.019354839,0.037796577,98,-0.117021277,57.5,0.987821013,0.37755102,0.302083333
91722,Covina,Los Angeles County,2025-11,73,-0.016025641,-0.016949153,-0.025808696,46,0.333333333,42.5,1.002558431,0.586956522,0.359375
91724,Covina,Los Angeles County,2025-06,77,-0.034636872,-0.006357811,0.01851361,50,0.409090909,34.5,1.019050321,0.52,0.377358491
91730,Rancho Cucamonga,San Bernardino County,2025-11,68,0.002272727,-0.002871729,0.018178812,110,-0.077669903,50.0,0.990435744,0.3,0.292929293
91732,El Monte,Los Angeles County,2025-07,66,0.046542553,0.01717977,0.00065055,47,0.722222222,49.0,0.998581816,0.489361702,0.285714286
91733,South El Monte,Los Angeles County,2025-11,59,0.034712951,0.026143791,0.032967436,36,0.633333333,60.5,0.997893472,0.305555556,0.244444444
91737,Alta Loma,San Bernardino County,2025-05,86,0.05026738,-0.038880394,0.027485396,49,0.348484849,31.5,0.999114069,0.489795918,0.581818182
91739,Rancho Cucamonga,San Bernardino County,2025-01,69,-0.005714286,0.032773341,0.027000605,55,0.234042553,46.0,0.997108149,0.381818182,0.301587302
91740,Glendora,Los Angeles County,2025-11,73,0.0065625,-0.035684147,-0.05359066,36,-0.25,39.0,0.999825076,0.472222222,0.357142857
91741,Glendora,Los Angeles County,2025-11,66,-0.014,0.091370558,0.001924101,71,-0.134328358,49.5,0.996161599,0.323943662,0.246376812
91744,La Puente,Los Angeles County,2025-08,69,-0.020618557,0.0,-0.036665229,67,-0.027027027,48.0,1.005813468,0.462686567,0.309859155
91746,La Puente,Los Angeles County,2025-06,76,0.040666667,0.0,0.015161345,30,-0.297297297,42.0,1.003572792,0.566666667,0.304347826
91748,Rowland Heights,Los Angeles County,2025-06,81,0.062,0.017256637,0.013343849,46,0.15942029,28.0,0.997009581,0.413043478,0.446808511
91750,La Verne,Los Angeles County,2025-09,68,-0.005509642,-0.031830769,-0.014369379,68,-0.169230769,43.5,1.000858915,0.397058824,0.234375
91755,Monterey Park,Los Angeles County,2025-03,61,0.095928611,-0.144285714,-0.031867161,16,-0.111111111,51.5,0.996006439,0.4375,0.176470588
91758,Ontario,San Bernardino County,2025-05,22,-0.092727273,0.114615385,-0.243701575,4,-0.333333333,101.0,0.967742874,0.0,0.0
91759,Mt Baldy,Los Angeles County,2025-08,43,-0.122191011,-0.569469217,0.152670869,5,,63.0,0.927377902,0.0,0.0
91761,Ontario,San Bernardino County,2025-11,64,-0.017491138,0.017151035,-0.010367665,160,-0.175757576,50.0,0.997860909,0.375,0.152777778
91763,Montclair,San Bernardino County,2025-11,69,0.010204082,-0.00729927,-0.010088991,26,-0.085714286,35.5,0.9926336,0.307692308,0.275862069
91764,Ontario,San Bernardino County,2025-12,67,0.0,-0.004597701,-0.027257465,59,-0.45945946,52.0,0.998963744,0.389830509,0.269230769
91765,Diamond Bar,Los Angeles County,2025-09,66,-0.05,0.016259146,0.013414731,126,-0.083916084,54.0,0.98985699,0.333333333,0.256
91766,Pomona,Los Angeles County,2025-07,62,0.0,0.0,-0.007468551,80,0.168421053,49.5,0.994390156,0.3625,0.195121951
91767,Pomona,Los Angeles County,2025-12,66,-0.00147929,-0.051094891,-0.005280393,59,-0.14516129,54.0,1.0108378,0.491525424,0.210526316
91768,Pomona,Los Angeles County,2025-12,64,0.037344398,0.007259259,0.0,39,0.324324324,48.0,1.000777661,0.282051282,0.292682927
91775,San Gabriel,Los Angeles County,2025-08,91,0.0,0.036148148,0.020835043,30,0.078947368,22.0,1.094511468,0.666666667,0.454545455
91776,San Gabriel,Los Angeles County,2025-10,68,-0.01,-0.015544041,0.030093297,33,0.088235294,47.0,1.004844589,0.484848485,0.230769231
91780,Temple City,Los Angeles County,2025-08,72,0.004273504,-0.000834028,-0.024021869,44,0.224137931,42.0,1.018897296,0.477272727,0.344262295
91784,Upland,San Bernardino County,2025-04,81,-0.013658537,0.0,-0.003617041,59,0.192307692,33.5,1.010477461,0.542372881,0.458333333
91786,Upland,San Bernardino County,2025-08,64,0.004297521,-0.028794567,0.006651188,90,-0.219298246,49.0,0.98948994,0.366666667,0.175824176
91789,Walnut,Los Angeles County,2025-08,70,-0.031971581,-0.019238641,-0.000606597,49,-0.193548387,43.0,0.999278128,0.510204082,0.237288136
91792,West Covina,Los Angeles County,2025-08,80,-0.005025126,0.001253133,-0.011298284,33,0.128205128,38.0,1.004499997,0.606060606,0.444444444
91801,Alhambra,Los Angeles County,2025-04,84,0.005882353,0.020527516,0.067357946,46,-0.101449275,33.0,1.017503328,0.543478261,0.41509434
91803,Alhambra,Los Angeles County,2025-08,67,-0.139629897,0.018280665,0.0,22,-0.32,52.0,1.002867172,0.409090909,0.285714286
91804,Alhambra,Los Angeles County,2025-06,90,-0.107142857,0.05468327,-0.069350393,4,-0.25,37.5,1.01787778,0.75,0.666666667
91901,Alpine,San Diego County,2025-08,75,-0.119047619,0.0,-0.001704137,45,-0.072463768,27.5,1.009227085,0.466666667,0.275
91902,Bonita,San Diego County,2025-11,81,0.01,0.066666667,-0.027149902,33,-0.254901961,23.0,1.001049487,0.424242424,0.405405405
91905,Boulevard,San Diego County,2025-12,62,0.147816349,0.0,0.0,6,0.75,40.5,1.007811802,0.333333333,0.2
91906,Campo,San Diego County,2025-12,57,-0.059459459,-0.024437928,-0.114092991,9,-0.470588235,59.0,0.989861388,0.333333333,0.25
91910,Chula Vista,San Diego County,2025-12,80,-0.003333333,0.050967742,0.051119536,86,0.142857143,29.0,0.996016913,0.348837209,0.4
91911,Chula Vista,San Diego County,2025-05,87,-0.019074422,0.012903226,0.005309208,82,-0.073394495,20.0,1.004532268,0.56097561,0.426966292
91913,Chula Vista,San Diego County,2025-05,78,0.014358034,0.039323077,-0.013477755,112,0.282051282,26.5,1.003491777,0.508928571,0.327586207
91914,Chula Vista,San Diego County,2025-12,58,0.002083333,0.130548303,-0.039138929,22,-0.4,63.5,0.995090252,0.272727273,0.222222222
91915,Chula Vista,San Diego County,2025-06,75,0.047975078,-0.005924171,-0.006057259,74,-0.09,31.0,1.00130952,0.472972973,0.263157895
91917,Dulzura,San Diego County,2025-08,28,-0.045454545,,,2,,106.0,0.964068785,0.0,0.0
91932,Imperial Beach,San Diego County,2025-11,63,0.0,0.081730769,-0.003330499,45,-0.191176471,40.0,0.983936756,0.244444444,0.166666667
91934,Jacumba,San Diego County,2025-08,56,0.0,-0.086092715,0.031053959,1,0.0,69.0,1.0,0.0,0.333333333
91935,Jamul,San Diego County,2025-01,62,0.0,-0.045909091,0.017112696,17,0.304347826,54.5,0.983484043,0.352941177,0.272727273
91941,La Mesa,San Diego County,2025-06,88,0.11,-0.030379747,-0.022920625,70,-0.054545455,18.0,1.002177451,0.514285714,0.5
91942,La Mesa,San Diego County,2025-04,84,0.009975062,-0.01187439,-0.03376975,80,0.264367816,19.0,1.003848761,0.475,0.484848485
91945,Lemon Grove,San Diego County,2025-02,66,-0.032051282,-0.029126214,0.017492633,47,0.479166667,53.0,0.992712354,0.531914894,0.28
91948,Mount Laguna,San Diego County,2025-02,19,-0.124,-0.100456621,-0.197862088,5,1.0,89.0,0.936829931,0.0,0.0
91950,National City,San Diego County,2025-11,71,-0.020979021,0.0,-0.011779328,42,-0.196428571,45.0,0.996394914,0.476190476,0.3
91962,Pine Valley,San Diego County,2025-09,59,0.001865672,0.0,0.0,6,0.071428571,55.5,0.991732752,0.333333333,0.181818182
91963,Potrero,San Diego County,2025-03,18,0.598837209,0.073170732,-0.061844802,2,2.0,110.5,0.907933162,0.0,0.0
91977,Spring Valley,San Diego County,2025-06,83,0.01607717,0.011393685,-0.028959606,116,-0.061643836,22.5,1.00150476,0.551724138,0.375
91978,Spring Valley,San Diego County,2025-06,97,0.034688995,-0.06746114,0.032728801,17,0.222222222,10.0,1.019440634,0.588235294,0.64
92003,Bonsall,San Diego County,2025-07,54,0.0,-0.042311647,-0.028003384,21,0.24137931,53.0,0.985680003,0.285714286,0.125
92004,Borrego Springs,San Diego County,2025-03,62,-0.131886478,0.0,0.059097366,26,-0.166666667,39.0,0.962352603,0.115384615,0.184210526
92007,Cardiff By The Sea,San Diego County,2025-06,74,-0.005,0.016046213,-0.015020263,28,0.151515152,20.0,0.970125422,0.178571429,0.4
92008,Carlsbad,San Diego County,2025-12,48,0.01065449,-0.019699812,-0.026853603,89,-0.058823529,83.0,0.979063459,0.112359551,0.21686747
92009,Carlsbad,San Diego County,2025-02,76,-0.098015634,0.051486584,-0.046307226,106,0.238095238,27.0,0.991667755,0.320754717,0.4375
92011,Carlsbad,San Diego County,2025-06,79,-0.01875,-0.029714979,0.020257953,59,-0.012820513,22.0,0.994772721,0.338983051,0.38028169
92019,El Cajon,San Diego County,2025-05,77,0.013071895,-0.037233402,-0.001141984,91,0.028776978,27.5,0.994751642,0.351648352,0.377358491
92020,El Cajon,San Diego County,2025-04,85,-0.025495751,-0.009913259,0.009507094,63,-0.074380165,22.0,1.014680371,0.46031746,0.459770115
92021,El Cajon,San Diego County,2025-10,69,0.022508039,-0.006622517,-0.010527638,103,-0.141666667,37.0,0.992974705,0.339805825,0.212962963
92023,Encinitas,San Diego County,2025-05,99,0.052052786,0.0,0.0,1,,7.0,0.972881356,0.0,1.0
92025,Escondido,San Diego County,2025-09,68,-0.026392962,-0.037546934,-0.023661307,69,-0.010309278,44.0,0.982545909,0.289855073,0.337209302
92026,Escondido,San Diego County,2025-12,68,-0.044117647,0.033879235,0.003994895,121,-0.009345794,47.0,0.988573723,0.338842975,0.279069767
92028,Fallbrook,San Diego County,2025-12,65,0.034883721,-0.0273931,0.009583479,145,-0.189873418,51.0,0.982188246,0.296551724,0.207142857
92029,Escondido,San Diego County,2025-02,61,-0.006225681,0.156621392,0.006365199,39,0.793103448,65.0,0.983442693,0.230769231,0.405405405
92040,Lakeside,San Diego County,2025-06,85,-0.029625151,0.021671827,-0.011703062,96,0.064814815,16.0,1.000227536,0.510416667,0.405940594
92054,Oceanside,San Diego County,2025-03,72,-0.053196245,0.059187279,-0.031002652,86,0.055555556,32.0,0.985364942,0.244186047,0.371134021
92057,Oceanside,San Diego County,2025-08,72,0.056666667,-0.006666667,0.001400358,176,-0.024630542,36.0,0.987541373,0.318181818,0.25
92058,Oceanside,San Diego County,2025-06,74,-0.030909091,-0.110570236,0.016125854,36,-0.090909091,31.5,0.995609795,0.361111111,0.341463415
92060,Palomar Mountain,San Diego County,2025-07,75,-0.00968523,-0.023696682,0.164657337,5,0.2,20.0,0.984317756,0.0,0.333333333
92064,Poway,San Diego County,2025-07,73,0.051546392,-0.037327361,-0.050588159,102,0.138686131,28.5,0.991013904,0.294117647,0.346938776
92066,Ranchita,San Diego County,2025-09,27,1.158787879,-0.028421053,-0.087912088,1,,114.0,0.891391391,0.0,0.0
92067,Rancho Santa Fe,San Diego County,2025-10,44,0.108247423,-0.04301595,0.070036179,40,-0.048780488,101.0,0.950308433,0.075,0.194444444
92068,San Luis Rey,San Diego County,2025-08,68,-0.099190283,0.207227273,-0.001190794,15,-0.47826087,37.0,0.976866538,0.133333333,0.3
92069,San Marcos,San Diego County,2025-08,73,0.039959609,-0.066298343,0.005266963,91,-0.020618557,32.0,0.995950671,0.307692308,0.298076923
92070,Santa Ysabel,San Diego County,2025-07,62,0.0,0.257324841,0.216483229,2,0.333333333,30.5,1.0,0.0,0.0
92075,Solana Beach,San Diego County,2025-06,65,-0.056467316,0.093243243,-0.001685928,38,-0.064516129,25.0,0.968385462,0.105263158,0.204545455
92078,San Marcos,San Diego County,2025-08,73,0.0,-0.000909091,0.000530748,133,0.133757962,29.0,0.990433206,0.263157895,0.304054054
92081,Vista,San Diego County,2025-09,70,-0.01123022,-0.036458333,0.001719415,62,-0.352272727,47.0,0.997058079,0.322580645,0.314285714
92082,Valley Center,San Diego County,2025-06,65,-0.015714286,-0.029850746,0.039956014,56,-0.159574468,44.0,0.997553588,0.25,0.203703704
92084,Vista,San Diego County,2025-08,66,0.07106599,-0.046231156,0.005172161,94,-0.194915254,48.5,0.982845568,0.287234043,0.239583333
92086,Warner Springs,San Diego County,2025-06,66,0.008264463,-0.000172308,0.040492604,5,0.571428571,24.0,0.969769296,0.4,0.125
92091,Rancho Santa Fe,San Diego County,2025-04,70,0.479503272,-0.241941075,-0.003058812,14,0.1,44.0,0.957614446,0.142857143,0.466666667
92101,San Diego,San Diego County,2025-04,59,0.037542662,-0.00794702,-0.011624999,133,0.181818182,56.5,0.989957207,0.22556391,0.202702703
92103,San Diego,San Diego County,2025-01,63,0.045064378,0.076993166,0.013889391,100,0.444444444,50.0,0.98730635,0.21,0.282608696
92104,San Diego,San Diego County,2025-08,74,0.007667032,-0.101199551,-0.006178526,74,-0.093457944,29.0,0.993689792,0.432432432,0.267441861
92106,San Diego,San Diego County,2025-08,67,0.105263158,-0.056390977,0.005401395,53,-0.042253521,37.0,0.966173736,0.188679245,0.274509804
92108,San Diego,San Diego County,2025-07,63,-0.097122302,-0.016420361,-0.009331826,80,0.110091743,46.0,0.993392193,0.275,0.243589744
92109,San Diego,San Diego County,2025-12,66,0.0,-0.002750076,0.073683785,93,0.094736842,47.5,0.97225449,0.11827957,0.296703297
92111,San Diego,San Diego County,2025-04,90,-0.030769231,0.017789757,0.002234517,84,0.247311828,13.5,1.004305947,0.535714286,0.523255814
92113,San Diego,San Diego County,2025-11,69,0.0,0.005755396,0.044409237,48,-0.039215686,34.0,0.974402212,0.354166667,0.196078431
92114,San Diego,San Diego County,2025-09,81,-0.015645372,-0.000133333,-0.00037572,87,-0.173076923,28.0,0.997700269,0.540229885,0.352941177
92115,San Diego,San Diego County,2025-10,70,-0.081395349,0.070001529,-0.014317862,121,0.068181818,39.0,0.993464551,0.363636364,0.272058824
92116,San Diego,San Diego County,2025-07,69,-0.046808511,0.039256198,0.012698413,71,0.046511628,32.0,0.989280246,0.23943662,0.263157895
92117,San Diego,San Diego County,2025-11,77,0.013513514,0.026363636,-0.011678363,127,0.151785714,31.0,0.996874482,0.346456693,0.392592593
92120,San Diego,San Diego County,2025-02,80,0.033872599,-0.04575968,-0.001479227,68,-0.040540541,23.5,0.987575305,0.352941177,0.421875
92121,San Diego,San Diego County,2025-10,62,0.084705882,-0.05461624,-0.009452092,12,-0.357142857,27.5,0.983686591,0.083333333,0.125
92122,San Diego,San Diego County,2025-09,64,-0.110653864,-0.050062578,-0.012413071,70,0.139784946,34.0,0.983146854,0.157142857,0.246753247
92123,San Diego,San Diego County,2025-09,71,-0.05673409,0.011877738,0.002695787,69,0.469387755,35.0,0.994740096,0.289855073,0.358208955
92124,San Diego,San Diego County,2025-07,80,0.005670103,0.037234043,0.020712383,46,-0.166666667,19.5,0.985323606,0.260869565,0.4
92126,San Diego,San Diego County,2025-01,72,0.06043956,0.010922022,-0.018010474,95,0.036585366,29.0,0.986485645,0.231578947,0.329787234
92127,San Diego,San Diego County,2025-06,76,0.00591716,0.041516774,-0.021236648,113,-0.006451613,23.5,0.992632589,0.309734513,0.327433628
92130,San Diego,San Diego County,2025-02,80,0.26508344,0.013882003,0.008252251,88,0.421052632,25.0,0.994024315,0.363636364,0.402298851
92131,San Diego,San Diego County,2025-09,74,-0.000360881,-0.08138352,0.017532137,72,-0.590551181,28.0,0.981050554,0.236111111,0.287671233
92154,San Diego,San Diego County,2025-08,78,-0.018367347,-0.038332213,-0.001284031,104,0.113821138,28.0,1.008323644,0.596153846,0.282051282
92160,San Diego,San Diego County,2025-11,27,0.167741936,0.0,0.0,5,-0.5,143.0,0.914787381,0.4,0.0
92173,San Ysidro,San Diego County,2025-11,65,-0.115714286,-0.110473458,-0.051769005,19,-0.055555556,37.5,1.012048142,0.52631579,0.166666667
92196,San Diego,San Diego County,2025-04,59,0.0,,,1,,40.0,1.0,0.0,
92197,San Diego,San Diego County,2025-06,84,0.0,-0.077453303,-0.021160667,16,0.157894737,23.5,0.972502212,0.3125,0.642857143
92201,Indio,Riverside County,2025-06,50,-0.048672566,-0.005643901,0.012593548,137,-0.018348624,81.0,0.981476997,0.218978102,0.13986014
92203,Indio,Riverside County,2025-07,46,-0.008695652,0.00166778,0.014182767,160,-0.105504587,87.0,0.978738367,0.14375,0.097297297
92210,Indian Wells,Riverside County,2025-11,57,0.278772379,0.061497326,0.086278473,49,-0.139130435,76.0,0.954483601,0.040816327,0.276923077
92211,Palm Desert,Riverside County,2025-09,45,-0.019417476,0.002454992,0.003043188,201,0.135245902,99.0,0.96832343,0.07960199,0.212962963
92220,Banning,Riverside County,2025-04,66,0.002785515,0.005780354,0.026646551,122,0.383458647,43.0,0.990353223,0.278688525,0.235294118
92223,Beaumont,Riverside County,2025-11,62,-0.002830189,0.009624457,-0.02592006,176,-0.11440678,68.5,0.994859757,0.397727273,0.239130435
92225,Blythe,Riverside County,2025-11,40,-0.112195122,-0.061135371,-0.005391923,24,-0.130434783,129.0,0.935676302,0.166666667,0.409090909
92230,Cabazon,Riverside County,2025-12,79,0.046875,0.014704412,-0.06896547,2,0.5,56.5,1.007937937,1.0,0.5
92231,Calexico,Imperial County,2025-10,47,0.0125,-0.097387173,-0.018294176,18,1.133333333,81.0,0.986038091,0.444444444,0.181818182
92233,Calipatria,Imperial County,2025-06,79,0.0,-0.186046512,0.170967742,3,,8.0,1.009359772,0.666666667,0.0
92234,Cathedral City,Riverside County,2025-12,56,-0.019417476,0.0,-0.014562772,144,-0.160194175,71.0,0.971683292,0.145833333,0.243589744
92236,Coachella,Riverside County,2025-01,64,-0.04776075,0.0,-0.057007887,22,-0.235294118,54.0,0.985392379,0.227272727,0.375
92240,Desert Hot Springs,Riverside County,2025-07,52,-0.031862745,0.001128758,-0.000507728,137,0.107344633,73.0,0.984747156,0.277372263,0.12345679
92241,Desert Hot Springs,Riverside County,2025-11,60,-0.060035842,-0.000181818,-0.014045113,10,1.111111111,34.5,0.969446455,0.2,0.272727273
92243,El Centro,Imperial County,2025-06,68,0.005479452,0.0,-0.015778234,48,-0.032786885,43.5,0.987565436,0.3125,0.31147541
92249,Heber,Imperial County,2025-12,87,-0.066056911,-0.033333333,-0.10569117,2,0.0,10.5,1.016824743,1.0,0.333333333
92251,Imperial,Imperial County,2025-04,84,0.016337602,-0.029292414,-0.079053031,47,0.137254902,18.0,1.002112956,0.574468085,0.483333333
92253,La Quinta,Riverside County,2025-07,54,-0.038046954,-0.007152146,-0.027942648,300,-0.142857143,73.0,0.964351263,0.09,0.177474403
92254,Mecca,Riverside County,2025-11,61,0.0,0.3,0.0,2,-0.75,23.0,1.0,0.0,0.0
92255,Palm Desert,Riverside County,2025-08,31,0.0,,,1,,126.0,0.938673342,0.0,
92256,Morongo Valley,San Bernardino County,2025-09,50,0.086956522,0.090625,-0.017637146,16,0.166666667,61.5,0.971764841,0.125,0.133333333
92257,Niland,Imperial County,2025-07,18,0.0,-0.123004036,0.382155517,1,,189.0,0.946666667,0.0,0.0
92258,North Palm Springs,Riverside County,2025-08,0,0.0,0.0,0.0,1,-0.5,432.0,0.875,0.0,0.0
92260,Palm Desert,Riverside County,2025-10,42,0.024576271,0.103092784,0.052277683,128,-0.112449799,111.5,0.958560034,0.0859375,0.187134503
92262,Palm Springs,Riverside County,2025-12,53,-0.016129032,0.063309353,0.064734002,205,0.049230769,82.5,0.967266208,0.102439024,0.18061674
92263,Palm Springs,Riverside County,2025-11,100,0.235294118,0.0,0.0,1,0.5,1.0,1.0,0.0,1.0
92264,Palm Springs,Riverside County,2025-04,56,0.040860215,-0.05862069,-0.017533088,206,0.084415584,63.0,0.970422483,0.087378641,0.222689076
92268,Pioneertown,San Bernardino County,2025-12,40,-0.473684211,-0.201925005,-0.087250868,1,0.666666667,38.0,1.0,0.0,0.0
92270,Rancho Mirage,Riverside County,2025-11,47,-0.045822102,-0.041414141,-0.019404783,149,0.255892256,84.0,0.951966703,0.040268456,0.251497006
92273,Seeley,Imperial County,2025-07,48,0.0,,,1,,66.0,0.888252149,0.0,
92274,Thermal,Riverside County,2025-08,43,-0.034482759,0.016129032,0.015647616,15,-0.25,99.0,0.98360649,0.333333333,0.071428571
92276,Thousand Palms,Riverside County,2025-10,33,-0.085,0.000122515,0.066610918,10,0.3,133.5,0.971296736,0.3,0.133333333
92277,Twentynine Palms,San Bernardino County,2025-05,51,0.02734375,0.06785905,-0.000448873,93,0.005681818,76.5,0.980212241,0.268817204,0.133858268
92282,White Water,Riverside County,2025-04,36,0.0,0.0,0.0,5,0.166666667,123.0,0.990767663,0.2,0.2
92283,Winterhaven,Imperial County,2025-11,0,-0.775757576,,,1,,252.0,0.929648241,0.0,
92284,Yucca Valley,San Bernardino County,2025-08,50,0.0,0.029810298,-0.001948323,141,-0.11627907,84.0,0.978575074,0.234042553,0.151724138
92285,Landers,San Bernardino County,2025-12,27,0.25,0.000140865,-0.055664511,10,0.391304348,137.0,0.94416825,0.1,0.230769231
92305,Angelus Oaks,San Bernardino County,2025-06,28,1.1,0.035294118,0.0078125,4,-0.1875,166.5,0.953069562,0.0,0.25
92307,Apple Valley,San Bernardino County,2025-12,63,-0.02238806,0.0,0.00633526,127,0.103174603,62.0,0.994670806,0.448818898,0.208633094
92308,Apple Valley,San Bernardino County,2025-12,59,0.014814815,-0.0238072,0.003893639,150,-0.228070175,76.0,0.994885633,0.4,0.186206897
92311,Barstow,San Bernardino County,2025-09,59,0.016190476,-0.008773684,0.018721644,82,-0.099099099,68.0,0.988998593,0.402439024,0.172043011
92313,Grand Terrace,San Bernardino County,2025-11,65,-0.025210084,-0.001694915,0.025159437,25,0.0,41.5,0.992191501,0.4,0.16
92314,Big Bear City,San Bernardino County,2025-12,33,0.003846154,-0.03859236,-0.024792108,90,-0.142857143,124.0,0.970007617,0.144444444,0.136363636
92315,Big Bear Lake,San Bernardino County,2025-03,34,0.02832618,-2e-05,-0.028209513,99,0.211640212,129.0,0.969524154,0.191919192,0.203703704
92316,Bloomington,San Bernardino County,2025-03,73,-0.017857143,-0.017417299,0.038425398,23,0.0625,51.0,0.993930456,0.47826087,0.4
92324,Colton,San Bernardino County,2025-09,70,0.03,0.0,-0.017258239,72,0.064516129,41.0,0.985263441,0.430555556,0.302083333
92325,Crestline,San Bernardino County,2025-02,38,-0.012,0.025974026,0.02886473,58,0.289855073,123.0,0.9681302,0.224137931,0.228070175
92326,Crest Park,San Bernardino County,2025-10,35,0.0,0.090743772,0.073316632,1,,99.0,0.975903615,0.0,0.0
92327,Daggett,San Bernardino County,2025-11,0,-0.31875,-0.26199508,-0.747964982,2,0.0,279.0,0.9004004,0.0,0.0
92333,Fawnskin,San Bernardino County,2025-12,40,-0.1113381,0.338823529,-0.096653331,17,0.461538462,93.0,0.954139898,0.176470588,0.217391304
92336,Fontana,San Bernardino County,2025-07,72,-0.012629109,0.009352597,0.004517838,196,0.0,41.0,1.001784114,0.443877551,0.221698113
92337,Fontana,San Bernardino County,2025-07,80,-0.024390244,0.001585142,-0.052815557,45,0.166666667,28.0,1.01652539,0.711111111,0.350877193
92339,Forest Falls,San Bernardino County,2025-11,34,-0.111111111,0.006675567,0.029027401,7,1.5,112.0,0.964241521,0.428571429,0.125
92341,Green Valley Lake,San Bernardino County,2025-08,71,0.0,-0.023319616,-0.094238818,9,-0.268292683,12.0,0.908974026,0.111111111,0.388888889
92344,Hesperia,San Bernardino County,2025-10,59,0.015306513,0.011884254,-0.002441195,88,0.10989011,64.0,1.000719176,0.386363636,0.178217822
92352,Lake Arrowhead,San Bernardino County,2025-11,34,-0.009380863,-0.014306152,-0.037913904,136,-0.02027027,126.0,0.964610771,0.147058824,0.177631579
92354,Loma Linda,San Bernardino County,2025-08,55,-0.009005127,0.014513788,-0.000478601,53,0.457142857,64.5,0.99913324,0.283018868,0.206896552
92356,Lucerne Valley,San Bernardino County,2025-10,66,0.072727273,-0.068965517,-0.030394338,21,-0.136363636,49.0,0.95193082,0.428571429,0.3
92358,Lytle Creek,San Bernardino County,2025-12,32,0.099502488,-0.10630692,-0.053840207,4,,87.5,0.969130805,0.0,0.0
92359,Mentone,San Bernardino County,2025-11,70,-0.064864865,0.0,0.066695594,13,-0.153846154,64.0,1.000619991,0.384615385,0.4
92366,Mountain Pass,San Bernardino County,2025-11,33,0.307692308,-0.03226129,-0.224383385,7,0.222222222,78.0,0.926030118,0.285714286,0.0
92368,Oro Grande,San Bernardino County,2025-06,0,0.0,0.287037037,-0.068650495,3,1.0,211.0,1.000029315,0.333333333,0.0
92373,Redlands,San Bernardino County,2025-04,71,-0.011683849,0.041666667,0.017195284,66,0.150537634,43.0,0.987738746,0.242424242,0.390243902
92376,Rialto,San Bernardino County,2025-12,60,-0.004702186,0.008948938,0.007412862,106,0.151162791,62.0,0.998900622,0.358490566,0.190476191
92377,Rialto,San Bernardino County,2025-05,66,0.003731343,-0.02237037,0.001498684,46,0.34,48.5,1.001720579,0.347826087,0.307692308
92378,Rimforest,San Bernardino County,2025-04,0,,,,1,-0.25,384.0,0.986666667,0.0,0.0
92382,Running Springs,San Bernardino County,2025-09,46,-0.006228374,-0.035233062,-0.008110822,51,-0.168421053,93.0,0.97958563,0.215686275,0.189655172
92385,Skyforest,San Bernardino County,2025-12,32,0.158536585,-0.006315789,0.011471833,13,-0.578947368,132.0,0.93622511,0.153846154,0.125
92386,Sugarloaf,San Bernardino County,2025-01,31,-0.029051988,-0.008836524,-0.010176701,42,0.043478261,117.0,0.957380276,0.095238095,0.102564103
92391,Twin Peaks,San Bernardino County,2025-11,52,0.090116279,-0.07651715,0.108605135,17,0.352941177,75.0,0.977758188,0.176470588,0.157894737
92392,Victorville,San Bernardino County,2025-03,68,0.017899504,-0.021737004,0.020038279,111,-0.073732719,55.0,0.997650423,0.441441441,0.256756757
92393,Victorville,San Bernardino County,2025-09,100,0.018518519,,,1,,42.0,1.018518519,1.0,1.0
92394,Victorville,San Bernardino County,2025-09,64,0.000257538,-0.000229885,0.001292976,63,0.043859649,64.0,0.99547973,0.571428571,0.234693878
92395,Victorville,San Bernardino County,2025-08,65,0.0,0.011612038,0.002428314,129,-0.160220995,67.5,0.998770443,0.503875969,0.234899329
92397,Wrightwood,San Bernardino County,2025-06,54,-0.016042781,-0.025695931,0.036785453,29,-0.019230769,69.0,0.983661418,0.344827586,0.111111111
92398,Yermo,San Bernardino County,2025-10,51,-0.130478261,-0.00021177,-0.152209924,3,-0.2,35.0,0.96336605,0.333333333,0.0
92399,Yucaipa,San Bernardino County,2025-10,74,0.051991648,-0.013784613,0.034127308,117,-0.069444444,47.5,0.998995645,0.427350427,0.341085271
92402,San Bernardino,San Bernardino County,2025-10,44,1.395714286,-0.161936561,0.165644981,2,1.0,82.5,0.886762254,0.0,0.0
92404,San Bernardino,San Bernardino County,2025-09,67,-0.008919722,-0.044949444,0.016046938,86,-0.119047619,62.5,0.997662733,0.488372093,0.298076923
92407,San Bernardino,San Bernardino County,2025-07,67,0.0,-0.018644068,0.019158133,91,0.015151515,47.0,0.993126768,0.505494506,0.171171171
92408,San Bernardino,San Bernardino County,2025-08,72,-0.038461538,0.025125653,-0.026442801,13,0.285714286,29.0,0.950415247,0.384615385,0.384615385
92501,Riverside,Riverside County,2025-12,61,-0.018333333,-0.020033389,-0.052542506,37,0.0,56.0,0.995097415,0.486486487,0.2
92503,Riverside,Riverside County,2025-10,64,-0.015503876,0.001386749,0.002939426,159,-0.037433155,60.0,0.994297647,0.358490566,0.238372093
92504,Riverside,Riverside County,2025-07,74,0.011673152,-0.023076923,-0.009606299,93,0.206185567,40.0,1.000830616,0.47311828,0.361111111
92506,Riverside,Riverside County,2025-07,71,-0.010309278,-0.033986928,0.002537566,141,-0.177419355,46.0,0.989258668,0.333333333,0.321917808
92507,Riverside,Riverside County,2025-10,57,0.029045643,0.009693053,-0.013011694,96,-0.086956522,66.5,0.988195017,0.302083333,0.180952381
92508,Riverside,Riverside County,2025-09,62,-0.018757772,0.00958589,-0.004679337,79,-0.193877551,50.0,0.991566626,0.430379747,0.125
92509,Riverside,Riverside County,2025-11,70,0.025580804,-0.047692308,0.023026668,118,-0.146853147,43.0,1.000658806,0.423728814,0.203007519
92513,Riverside,Riverside County,2025-12,45,0.148529412,,,2,,56.5,0.971222872,0.0,0.0
92517,Riverside,Riverside County,2025-04,66,0.0,0.0,0.0,2,,53.0,1.0,0.0,0.5
92530,Lake Elsinore,Riverside County,2025-01,64,-0.000787975,0.012464035,-0.028035487,133,0.670103093,50.0,0.997574339,0.428571429,0.258741259
92532,Lake Elsinore,Riverside County,2025-02,52,-0.026277219,-0.030704442,0.004956933,66,0.166666667,83.0,0.995754288,0.393939394,0.168831169
92536,Aguanga,Riverside County,2025-04,49,-0.024390244,0.008376068,-0.009104107,11,0.222222222,80.0,0.97155094,0.272727273,0.2
92543,Hemet,Riverside County,2025-07,66,-0.023121387,0.03204709,-0.052404681,90,-0.3125,48.0,1.004964115,0.522222222,0.168421053
92544,Hemet,Riverside County,2025-05,75,-0.005235602,-0.01330034,0.010406827,103,0.038961039,43.0,0.997644581,0.45631068,0.363636364
92545,Hemet,Riverside County,2025-11,63,-0.028412256,0.000555926,-0.002618042,105,-0.204968944,61.5,0.994029856,0.371428571,0.23255814
92551,Moreno Valley,Riverside County,2025-06,74,0.012264151,0.005680231,0.020904135,56,0.260869565,40.5,1.002111302,0.517857143,0.333333333
92553,Moreno Valley,Riverside County,2025-06,74,-0.009345794,-0.00952381,0.0,67,0.152173913,42.0,1.004542993,0.507462687,0.34939759
92555,Moreno Valley,Riverside County,2025-06,66,0.002256303,-0.02920712,-0.026948041,110,-0.116666667,47.0,1.004790101,0.463636364,0.190476191
92561,Mountain Center,Riverside County,2025-05,47,0.279069767,-0.04,0.205801112,3,0.142857143,85.0,0.887508005,0.0,0.111111111
92562,Murrieta,Riverside County,2025-04,72,-0.007345642,1.36e-05,-0.014266603,193,0.387234043,47.0,0.995254694,0.424870466,0.351351351
92563,Murrieta,Riverside County,2025-11,67,0.000736377,0.0,-0.000237423,156,-0.073059361,53.5,0.994481814,0.346153846,0.258241758
92564,Murrieta,Riverside County,2025-09,37,0.282593857,0.0,0.0,2,,151.5,0.996878583,0.0,0.5
92570,Perris,Riverside County,2025-01,71,-0.007719673,0.0,0.038564098,73,0.101449275,38.0,0.994072197,0.438356164,0.222222222
92583,San Jacinto,Riverside County,2025-12,74,0.026666667,0.04326087,0.050290231,70,-0.240963855,44.5,0.998372028,0.528571429,0.25
92584,Menifee,Riverside County,2025-10,60,-0.007936508,-0.023090586,-0.000155732,184,0.064377682,66.0,0.992342873,0.380434783,0.172413793
92585,Sun City,Riverside County,2025-01,68,-0.010422414,0.018724808,0.000194701,81,-0.130434783,45.0,1.000756565,0.395061728,0.24
92586,Sun City,Riverside County,2025-03,60,-0.013157895,0.000247562,-0.00246878,118,0.169014085,73.0,0.990959187,0.372881356,0.290540541
92591,Temecula,Riverside County,2025-06,66,0.018543046,-0.058320561,-0.030519995,113,0.138728324,39.0,0.993751062,0.292035398,0.248120301
92592,Temecula,Riverside County,2025-12,62,-0.037654321,0.064801461,0.04635684,192,-0.238636364,73.0,0.990513699,0.317708333,0.214285714
92595,Wildomar,Riverside County,2025-09,76,-0.003007519,0.01697492,-0.016340414,45,0.078125,32.0,1.000585934,0.511111111,0.328358209
92596,Winchester,Riverside County,2025-07,67,0.01086767,0.013412065,-0.009712557,239,0.245136187,42.0,1.002426793,0.355648536,0.166037736
92606,Irvine,Orange County,2025-10,62,0.030895334,0.089349535,0.012885755,19,0.272727273,45.0,0.986716263,0.263157895,0.217391304
92610,Foothill Ranch,Orange County,2025-08,57,0.0,0.049452954,-0.004636759,35,-0.113636364,60.5,0.980314109,0.314285714,0.166666667
92612,Irvine,Orange County,2025-08,55,0.035,0.039536667,-0.028870728,60,-0.090909091,54.0,0.964645413,0.133333333,0.166666667
92618,Irvine,Orange County,2025-08,50,-0.015929936,-0.026086957,-0.028040385,166,0.053956835,71.0,0.972914021,0.108433735,0.150837989
92624,Capistrano Beach,Orange County,2025-09,66,-0.072207084,0.022193211,0.066597077,16,-0.486486487,59.0,1.010111194,0.1875,0.315789474
92625,Corona Del Mar,Orange County,2025-07,58,-0.085680751,-0.056639396,-0.088124554,67,0.186666667,47.0,0.972872997,0.104477612,0.31147541
92626,Costa Mesa,Orange County,2025-07,74,0.0,0.016393443,-0.001091142,83,-0.201834862,47.0,0.991932882,0.325301205,0.419753086
92627,Costa Mesa,Orange County,2025-11,79,0.090909091,-0.089636018,0.105541273,71,-0.195652174,46.0,1.013705718,0.394366197,0.390243902
92629,Dana Point,Orange County,2025-07,63,0.070422535,-0.013783784,-0.022462219,97,-0.106870229,45.0,0.967461273,0.134020619,0.280701754
92630,Lake Forest,Orange County,2025-01,69,-0.011676397,-0.078894674,-6.26e-05,117,0.346938776,46.0,0.991336598,0.35042735,0.352
92637,Laguna Hills,Orange County,2025-03,67,0.039042821,0.0625,0.033378937,160,-0.045248869,64.0,0.986981252,0.24375,0.345744681
92646,Huntington Beach,Orange County,2025-09,77,-0.053784861,-0.00409074,-0.020559025,148,0.053691275,40.5,1.0016013,0.412162162,0.438709677
92647,Huntington Beach,Orange County,2025-08,79,-0.020408163,-0.034205231,-0.010578103,68,-0.010638298,33.0,1.002678982,0.426470588,0.434210526
92648,Huntington Beach,Orange County,2025-07,62,0.032258065,-0.022779111,-0.017329324,111,-0.027027027,56.0,0.986154616,0.234234234,0.260162602
92649,Huntington Beach,Orange County,2025-03,71,0.0336,0.068927371,-0.014313675,73,0.397849462,42.0,0.9802924,0.164383562,0.481481482
92651,Laguna Beach,Orange County,2025-03,38,-0.020446429,0.05812835,0.007044731,74,0.631578947,108.0,0.958612014,0.094594595,0.23255814
92655,Midway City,Orange County,2025-11,84,0.358243012,-0.174438687,0.027999582,2,1.333333333,40.0,0.957570899,0.5,0.75
92657,Newport Coast,Orange County,2025-02,54,-0.257152104,-0.070458489,-0.095666896,26,0.913043478,51.0,0.972270732,0.230769231,0.342857143
92660,Newport Beach,Orange County,2025-10,59,0.171666667,0.0,-0.028174288,88,-0.104347826,62.0,0.974210843,0.136363636,0.275510204
92661,Newport Beach,Orange County,2025-05,72,0.113197425,-0.011235955,0.214900838,17,-0.340909091,42.0,0.957545712,0.117647059,0.238095238
92662,Newport Beach,Orange County,2025-10,52,-0.204545455,-0.144029171,-0.041499865,14,-0.428571429,72.5,0.977723072,0.142857143,0.277777778
92663,Newport Beach,Orange County,2025-10,48,0.027272727,-0.122036875,-0.025360418,70,0.196721312,92.0,0.970178909,0.2,0.301369863
92672,San Clemente,Orange County,2025-08,59,-0.061111111,0.017821782,-0.019208342,106,-0.194244604,61.0,0.981089437,0.216981132,0.24137931
92673,San Clemente,Orange County,2025-06,74,-0.037940379,0.004761905,0.00913329,72,-0.3,38.0,0.986177623,0.194444444,0.410958904
92675,San Juan Capistrano,Orange County,2025-10,65,-0.027838828,0.021913806,-0.003820494,75,-0.207207207,47.0,0.980188134,0.253333333,0.258426966
92676,Silverado,Orange County,2025-07,65,-0.128888889,0.420271143,-0.016065739,10,0.363636364,36.0,0.974445836,0.2,0.294117647
92677,Laguna Niguel,Orange County,2025-07,68,0.032490975,-0.052631579,0.009026632,191,-0.016877637,47.0,0.985777661,0.272251309,0.266055046
92679,Trabuco Canyon,Orange County,2025-06,68,0.045023697,-0.031189449,0.015822657,112,0.119205298,40.0,0.981396592,0.25,0.28125
92683,Westminster,Orange County,2025-09,81,-0.018181818,0.011764706,-0.013397992,89,0.097087379,33.0,1.01515413,0.460674157,0.466019418
92688,Rancho Santa Margarita,Orange County,2025-02,69,-0.058333333,0.013636364,0.004167334,84,0.235955056,49.5,0.987807012,0.357142857,0.367346939
92691,Mission Viejo,Orange County,2025-11,65,-0.015748032,0.001294417,0.035601105,101,0.051020408,52.0,0.992972193,0.257425743,0.267241379
92692,Mission Viejo,Orange County,2025-01,70,-0.022232515,0.007234432,0.002558382,129,0.23,47.0,0.993068916,0.325581395,0.34375
92701,Santa Ana,Orange County,2025-11,61,0.181208054,-0.07862069,0.062362317,37,0.177777778,64.0,0.983644519,0.243243243,0.263157895
92703,Santa Ana,Orange County,2025-08,61,0.0,0.010233161,-0.067014163,49,0.044444444,57.0,0.998284054,0.346938776,0.272727273
92706,Santa Ana,Orange County,2025-11,65,0.006396588,-0.058577406,0.041094029,31,-0.033333333,51.0,1.000891834,0.419354839,0.185185185
92707,Santa Ana,Orange County,2025-09,67,-0.018987342,0.039563609,0.032902653,31,0.239130435,41.0,0.981749708,0.258064516,0.285714286
92711,Santa Ana,Orange County,2025-06,47,0.0,,,1,,77.0,0.962278676,0.0,
92780,Tustin,Orange County,2025-12,77,-0.042194093,-0.051502585,-0.020192893,68,-0.017241379,34.0,1.00604337,0.338235294,0.454545455
92782,Tustin,Orange County,2025-06,83,0.025941423,0.006302521,0.027982333,67,-0.011764706,29.0,0.999943505,0.343283582,0.491803279
92801,Anaheim,Orange County,2025-06,76,-0.010889292,0.030143041,0.015638091,44,-0.202380952,38.0,1.000879741,0.454545455,0.34
92804,Anaheim,Orange County,2025-08,73,-0.007325668,0.041726859,0.015774165,66,-0.299145299,43.0,1.006588919,0.454545455,0.267605634
92805,Anaheim,Orange County,2025-11,64,0.01754386,0.025635328,-0.034672956,72,0.013157895,55.0,0.995997854,0.347222222,0.278481013
92807,Anaheim,Orange County,2025-09,72,-0.025404157,0.0,0.0231243,75,0.096774194,47.0,0.997771181,0.346666667,0.376470588
92808,Anaheim,Orange County,2025-08,64,0.314364641,0.120713464,0.025965146,39,-0.152542373,42.0,0.99292787,0.230769231,0.117647059
92816,Anaheim,Orange County,2025-03,63,0.166089829,0.0,0.001141917,2,,78.0,1.011439623,0.5,0.333333333
92821,Brea,Orange County,2025-09,79,-0.000869565,-0.087727273,0.019409889,59,-0.291139241,39.0,1.018826364,0.440677966,0.421052632
92831,Fullerton,Orange County,2025-12,69,0.024761905,0.103117506,-0.009797528,42,-0.152173913,51.0,0.97452964,0.261904762,0.4
92832,Fullerton,Orange County,2025-03,58,-0.025,0.039004334,-0.033424191,22,0.074074074,63.0,0.978822542,0.363636364,0.259259259
92833,Fullerton,Orange County,2025-06,79,0.001058201,0.007374005,-0.014340709,82,-0.08411215,29.0,1.009095298,0.512195122,0.352272727
92835,Fullerton,Orange County,2025-10,77,0.133333333,-0.083402836,-0.012664411,57,-0.086956522,34.0,1.002433076,0.385964912,0.4
92840,Garden Grove,Orange County,2025-11,79,0.038824764,-0.011112088,-0.02304515,53,-0.246575343,40.0,1.001499724,0.358490566,0.509090909
92841,Garden Grove,Orange County,2025-03,69,-0.024642681,-0.004065041,-0.013217727,22,0.111111111,51.0,1.00718308,0.318181818,0.423076923
92843,Garden Grove,Orange County,2025-09,70,-0.026041667,0.011176158,0.018182448,35,0.025,52.0,1.000920432,0.457142857,0.342857143
92844,Garden Grove,Orange County,2025-12,81,0.177142857,0.161815786,-0.040000103,17,-0.227272727,33.0,1.013116229,0.470588235,0.428571429
92845,Garden Grove,Orange County,2025-08,77,0.015658982,-0.021674791,0.031367655,44,0.379310345,42.5,1.016543783,0.727272727,0.311111111
92860,Norco,Riverside County,2025-04,74,-0.011494253,-0.016129501,0.01832337,41,0.820512821,42.0,0.996129787,0.512195122,0.425925926
92866,Orange,Orange County,2025-12,61,-0.032,0.043006263,-0.054015969,24,-0.071428571,48.5,0.980778112,0.208333333,0.3
92867,Orange,Orange County,2025-07,77,0.001111111,-0.031701786,-0.001239974,63,0.243243243,39.0,0.999281296,0.428571429,0.461538462
92868,Orange,Orange County,2025-08,67,0.032423208,-0.078850405,0.016119324,28,0.413793103,43.5,0.990072564,0.357142857,0.314285714
92880,Corona,Riverside County,2025-12,64,-0.026455026,-0.015649085,0.00456695,74,0.0,56.5,0.989909038,0.337837838,0.28
92881,Corona,Riverside County,2025-09,62,0.046857143,0.006221719,0.005001099,52,-0.230769231,59.5,0.982330095,0.365384615,0.210526316
92882,Corona,Riverside County,2025-02,73,0.014012739,-0.005893782,0.043031965,100,0.085106383,47.0,0.991985035,0.42,0.333333333
92883,Corona,Riverside County,2025-12,54,-0.024390244,0.028233777,0.007149553,117,-0.078571429,76.0,0.990604897,0.307692308,0.146551724
92886,Yorba Linda,Orange County,2025-02,63,0.005628518,-0.014336918,0.012289562,85,0.102272727,64.0,0.988286021,0.341176471,0.301075269
93004,Ventura,Ventura County,2025-10,67,0.021314387,-0.005714286,0.006265822,56,-0.116666667,50.5,0.991147822,0.25,0.327272727
93013,Carpinteria,Santa Barbara County,2025-07,73,0.0,0.298654056,0.099763879,28,0.615384615,36.0,0.980816578,0.357142857,0.310344828
93015,Fillmore,Ventura County,2025-10,47,-0.010135135,0.0248067,-0.010926897,35,0.153846154,65.0,0.968908785,0.171428571,0.064516129
93022,Oak View,Ventura County,2025-02,42,0.101226994,0.033707865,-0.075648514,10,0.0,92.5,0.976314102,0.1,0.214285714
93023,Ojai,Ventura County,2025-08,43,0.043555556,-0.000383846,-0.01640111,50,-0.037037037,84.0,0.97079275,0.12,0.098039216
93033,Oxnard,Ventura County,2025-12,82,0.003631082,-0.004297994,-0.009393092,44,-0.274509804,47.0,1.01001641,0.590909091,0.520833333
93041,Port Hueneme,Ventura County,2025-03,62,-0.016806723,0.001502504,0.019146894,47,0.244897959,55.0,0.984016171,0.29787234,0.265306122
93060,Santa Paula,Ventura County,2025-11,55,-0.033422869,-0.000600451,-0.002118222,52,-0.276923077,69.0,0.991468549,0.25,0.181818182
93065,Simi Valley,Ventura County,2025-07,68,-0.011764706,-0.028268551,0.000698373,175,0.054794521,53.0,0.995616445,0.354285714,0.302702703
93066,Somis,Ventura County,2025-09,51,-0.161849711,0.862745098,0.0,3,-0.5,53.0,0.97752719,0.0,0.0
93101,Santa Barbara,Santa Barbara County,2025-02,57,0.082142857,-0.069767442,0.09801105,30,0.620689655,83.0,0.966914946,0.166666667,0.387096774
93105,Santa Barbara,Santa Barbara County,2025-11,64,0.007537688,-0.002223457,-0.015536141,65,0.08,56.0,0.983372186,0.230769231,0.365079365
93108,Santa Barbara,Santa Barbara County,2025-11,41,0.025833333,0.191191191,0.007697634,52,-0.057692308,112.0,0.956927043,0.038461538,0.259259259
93109,Santa Barbara,Santa Barbara County,2025-06,72,-0.131406551,0.039078156,0.036588264,26,0.266666667,51.0,0.992860283,0.346153846,0.454545455
93110,Santa Barbara,Santa Barbara County,2025-05,76,-0.224199288,0.007569386,0.003251006,34,0.195121951,42.0,0.980855887,0.323529412,0.567567568
93111,Santa Barbara,Santa Barbara County,2025-11,69,0.075268817,-0.059065934,-0.00522876,26,-0.230769231,54.0,0.985276612,0.230769231,0.428571429
93117,Goleta,Santa Barbara County,2025-02,78,-0.003496503,-0.008961912,0.003466258,35,-0.069767442,37.0,0.998697866,0.314285714,0.485714286
93130,Santa Barbara,,2025-06,100,0.0,0.0,0.0,1,-0.5,7.0,1.025,1.0,1.0
93150,Santa Barbara,,2025-11,0,-0.297805643,0.0,,3,,282.0,0.893971241,0.0,0.333333333
93252,Maricopa,Kern County,2025-10,68,-0.027777778,0.217235617,-0.1385098,5,2.333333333,26.0,0.974929769,0.4,0.571428571
93427,Buellton,Santa Barbara County,2025-05,70,0.091854419,0.060652009,0.006591509,10,-0.1,39.5,0.983193318,0.1,0.4
93434,Guadalupe,Santa Barbara County,2025-08,68,-0.033333333,-0.006279435,0.0,7,0.0,23.0,0.991777299,0.285714286,0.181818182
93436,Lompoc,Santa Barbara County,2025-07,78,0.019541206,-0.01293823,-0.004435761,87,-0.210884354,33.0,0.989768535,0.379310345,0.40625
93441,Los Olivos,Santa Barbara County,2025-08,12,0.0,-0.109375,-0.053087382,1,2.0,148.0,0.91810585,0.0,
93455,Santa Maria,Santa Barbara County,2025-10,77,-0.006896552,-0.019676787,0.00364723,127,-0.190082645,31.0,0.99214614,0.362204724,0.35042735
93458,Santa Maria,Santa Barbara County,2025-05,82,-0.021462639,-0.015873016,0.056438362,40,-0.225,37.0,0.9953249,0.5,0.444444444
93460,Santa Ynez,Santa Barbara County,2025-12,43,-0.072164948,0.29011415,0.022458319,9,0.9,87.0,0.947817154,0.222222222,0.181818182
93463,Solvang,Santa Barbara County,2025-12,60,0.12244898,-0.018902891,0.0,19,0.25,49.0,0.966380431,0.157894737,0.272727273
93516,Boron,Kern County,2025-04,48,-0.491242038,-0.174757282,0.0,4,-0.363636364,86.0,0.985671825,0.25,0.25
93532,Lake Hughes,Los Angeles County,2025-06,53,0.0,-0.006944444,0.03050487,11,-0.444444444,75.0,0.951762988,0.272727273,0.166666667
93534,Lancaster,Los Angeles County,2025-10,66,-0.035294118,0.002352941,0.006947849,101,-0.144736842,46.0,0.996943401,0.455445545,0.14953271
93543,Littlerock,Los Angeles County,2025-03,53,0.142857143,0.008080808,0.022702375,21,0.689655172,65.0,0.970118651,0.380952381,0.137931035
93544,Llano,Los Angeles County,2025-09,71,0.0,0.186695279,-0.050570545,5,-0.5,22.0,0.945654044,0.6,0.1
93550,Palmdale,Los Angeles County,2025-09,71,0.0,0.022111111,-0.024505245,124,-0.102857143,41.0,0.993354132,0.475806452,0.237037037
93551,Palmdale,Los Angeles County,2025-03,65,0.0,-0.030694669,-0.008763149,116,0.189349112,54.0,0.994038082,0.413793103,0.248366013
93552,Palmdale,Los Angeles County,2025-07,67,0.0,0.0,0.008827555,76,0.164705882,48.5,1.004883988,0.513157895,0.195121951
93553,Pearblossom,Los Angeles County,2025-10,34,0.01814301,0.030066815,0.046720229,5,0.0,113.0,0.989101893,0.2,0.0
93562,Trona,San Bernardino County,2025-03,11,0.178947368,-0.182697115,-0.129900641,4,1.0,165.5,0.939612305,0.0,0.285714286
93563,Valyermo,Los Angeles County,2025-04,97,,,,1,,9.0,0.942857143,0.0,1.0
93591,Palmdale,Los Angeles County,2025-05,72,0.077922078,0.022755689,0.075925926,25,0.37037037,37.0,0.995403973,0.48,0.238095238
